#timestamp [ns],p_RS_R_x [m],p_RS_R_y [m],p_RS_R_z [m],q_RS_w [],q_RS_x [],q_RS_y [],q_RS_z []
24157591000,0.000000000000000000e+00,0.000000000000000000e+00,0.000000000000000000e+00,9.994256383770018237e-01,8.028418433691103268e-04,-3.387844151812295646e-02,0.000000000000000000e+00
24257691100,1.101886664400808513e-04,-1.925791366375051439e-05,3.823693841695785522e-03,9.994407974524456284e-01,6.444366352612313897e-04,-3.343082619419344287e-02,-2.386399302491418401e-04
24357791200,9.115290595218539238e-04,-1.438582548871636391e-04,1.502505689859390259e-02,9.994556741612511397e-01,4.860311085630564351e-04,-3.298319822657337641e-02,-4.772791503293171323e-04
24457891300,2.297040773555636406e-03,4.333196557126939297e-06,3.377469629049301147e-02,9.994702681912974729e-01,3.276255655422349042e-04,-3.253556705509511038e-02,-7.159186462105822900e-04
24557991400,4.329258576035499573e-03,8.883331320248544216e-04,5.920135602355003357e-02,9.994845801490724879e-01,1.692198534860349867e-04,-3.208791405213885783e-02,-9.545578328347147957e-04
24658091500,6.988515611737966537e-03,2.418221672996878624e-03,9.073647111654281616e-02,9.994986093112853132e-01,1.081417762418458022e-05,-3.164026152509510220e-02,-1.193196749866906299e-03
24758191600,1.069451309740543365e-02,4.339264240115880966e-03,1.282528042793273926e-01,9.995123560394391093e-01,-1.475915314757392086e-04,-3.119259829140903773e-02,-1.431835556176139440e-03
24858291700,1.543005108833312988e-01,1.599899530410766602e-01,1.868605166673660278e-01,9.991503970040053195e-01,-3.138056774088345251e-03,-4.109300061961496803e-02,-4.545874353321262398e-05
24958391800,1.698673367500305176e-01,1.766563653945922852e-01,2.398207187652587891e-01,9.991157164055820550e-01,-3.727184194113898272e-03,-4.187937621830498114e-02,-1.057209031708177948e-04
25058491900,1.792040318250656128e-01,2.003767490386962891e-01,2.959513664245605469e-01,9.990864297427078933e-01,-3.661578019310016228e-03,-4.257805230887409809e-02,-9.061986840242281416e-05
25158592001,1.862281858921051025e-01,2.274523973464965820e-01,3.568717539310455322e-01,9.990806385494719333e-01,-3.632599666271095831e-03,-4.271594097149584990e-02,-1.740177111677932451e-04
25258692101,1.908884793519973755e-01,2.568028271198272705e-01,4.227113425731658936e-01,9.990726440372901251e-01,-3.711967174803563162e-03,-4.289576784895594852e-02,-1.622857967507405745e-04
25358792201,1.930810958147048950e-01,2.873121798038482666e-01,4.937102496623992920e-01,9.990672366910881008e-01,-3.718194502717923466e-03,-4.302116323565599587e-02,-1.054225992714762821e-04
25458892301,1.919504702091217041e-01,3.179811835289001465e-01,5.700222849845886230e-01,9.990578581864040242e-01,-3.778098034619124541e-03,-4.323303193688528279e-02,-1.640755312461446400e-04
25558992401,1.200110018253326416e-01,2.978321015834808350e-01,6.498388051986694336e-01,9.988506534168407613e-01,-1.434707244075565224e-03,-4.790919035121016939e-02,-1.525246403934992076e-04
25659092501,7.509265094995498657e-02,2.605555951595306396e-01,7.245972752571105957e-01,9.987625214976929566e-01,2.476576417235664285e-03,-4.967110099865867240e-02,-2.719308759653921615e-04
25759192601,5.941089615225791931e-02,2.190666496753692627e-01,8.089579343795776367e-01,9.988088630436452453e-01,5.237246097221886013e-03,-4.851072375636794609e-02,-3.688352087181222955e-04
25859292701,2.341490052640438080e-02,1.965804547071456909e-01,8.960098028182983398e-01,9.988077049541792540e-01,5.485358985502214631e-03,-4.850725343738768180e-02,-3.545771095479543838e-04
25959392801,-1.723592542111873627e-02,1.703716963529586792e-01,9.868365526199340820e-01,9.988080026445078641e-01,5.681134160089706259e-03,-4.847829674041716913e-02,-3.915521572688106938e-04
26059492901,-5.875935405492782593e-02,1.448991000652313232e-01,1.082601904869079590e+00,9.988091938418750537e-01,5.706763560851845982e-03,-4.845064303378380371e-02,-4.029096885836162475e-04
26159593002,-1.077506020665168762e-01,1.125543788075447083e-01,1.179177165031433105e+00,9.988090110428936574e-01,5.911910737448638868e-03,-4.842999439090503455e-02,-3.800187442326646782e-04
26259693102,-1.821779310703277588e-01,5.120125785470008850e-02,1.267577290534973145e+00,9.988325343479996787e-01,5.833539707589905504e-03,-4.795238798722699369e-02,-3.265405864870803100e-04
26359793202,-2.513548731803894043e-01,-1.011397503316402435e-02,1.358277201652526855e+00,9.988698380841027902e-01,5.586193085284799770e-03,-4.719828913441592028e-02,-4.031320334694519299e-04
26459893302,-2.999759018421173096e-01,-4.505541920661926270e-02,1.465763807296752930e+00,9.988736356267388095e-01,5.711088925161830407e-03,-4.710295442697489537e-02,-3.939509619835191638e-04
26559993402,-3.457067608833312988e-01,-7.530074566602706909e-02,1.581971883773803711e+00,9.988765478191675706e-01,5.707726211988515923e-03,-4.704158640901725391e-02,-3.914415335471242556e-04
26660093502,-3.939373493194580078e-01,-1.101881340146064758e-01,1.699103116989135742e+00,9.988833895758395531e-01,5.697411276180517140e-03,-4.689702219725704752e-02,-4.276017559884780911e-04
26760193602,-4.414372146129608154e-01,-1.430194973945617676e-01,1.823061347007751465e+00,9.988884250452927382e-01,5.661464716972929544e-03,-4.679382182741725904e-02,-4.476232535040785350e-04
26860293702,-4.909428656101226807e-01,-1.771866232156753540e-01,1.951526880264282227e+00,9.988928807487024164e-01,5.689359607093715313e-03,-4.669496684024081884e-02,-4.733377320333862176e-04
26960393802,-5.751267075538635254e-01,-1.884767413139343262e-01,2.065492391586303711e+00,9.989194214272048011e-01,5.151606599757629391e-03,-4.618774699393781574e-02,-3.774554329726395770e-04
27060493902,-5.723515748977661133e-01,-2.445824593305587769e-01,2.197617769241333008e+00,9.989611882653236519e-01,4.556234631903797669e-03,-4.533957488212335407e-02,-3.286563856893158042e-04
27160594003,-5.954390168190002441e-01,-2.748585045337677002e-01,2.343953847885131836e+00,9.989680773507850775e-01,4.403710157935910793e-03,-4.520253624261377778e-02,-3.442210856324634917e-04
27260694103,-6.245149374008178711e-01,-3.049156367778778076e-01,2.495585680007934570e+00,9.989654807261244551e-01,4.469139606242627724e-03,-4.525356746877985670e-02,-3.312705108227712264e-04
27360794203,-6.546623110771179199e-01,-3.351606428623199463e-01,2.649789571762084961e+00,9.989655394218728279e-01,4.499355894981193343e-03,-4.524922746476335578e-02,-3.380206195756668328e-04
27460894303,-6.887708306312561035e-01,-3.610874116420745850e-01,2.813838958740234375e+00,9.989670115704842868e-01,4.542374607205367648e-03,-4.521236657709899048e-02,-3.442896481405489993e-04
27560994403,-7.226511836051940918e-01,-3.890506327152252197e-01,2.982623815536499023e+00,9.989657740757401649e-01,4.841218577788197058e-03,-4.520853864921197535e-02,-3.645012235904852502e-04
27661094503,-5.013624429702758789e-01,-2.522238790988922119e-01,3.068463325500488281e+00,9.990306040407005428e-01,3.044505697412978364e-03,-4.391509839027080142e-02,2.175051823352070173e-04
27761194603,-4.652884900569915771e-01,-2.093704491853713989e-01,3.176587104797363281e+00,9.990500397235420049e-01,3.276197570793317349e-03,-4.345365062611457330e-02,2.547648514241859178e-04
27861294703,-3.059405982494354248e-01,-8.311259001493453979e-02,2.774233818054199219e+00,9.993194832232840108e-01,1.178903888108658038e-03,-3.686556706317392629e-02,3.325674100148208988e-04
27961394803,-6.195770204067230225e-02,2.835508435964584351e-02,1.888039231300354004e+00,9.994637950595167686e-01,-1.063778761980729848e-03,-3.272339696557760580e-02,4.123481624393405057e-04
28061494903,7.339501380920410156e-02,9.267935156822204590e-02,1.317641973495483398e+00,9.994421698311016788e-01,-8.597345593451531133e-04,-3.338322249262335589e-02,4.128871454055471602e-04
28161595004,9.260655194520950317e-02,1.126363202929496765e-01,1.395654439926147461e+00,9.994409474749373912e-01,-8.727350969190811845e-04,-3.341920405787748155e-02,4.331789330504634897e-04
28261695104,1.124090403318405151e-01,1.343479305505752563e-01,1.475739598274230957e+00,9.994397232351652782e-01,-8.857350973991438879e-04,-3.345518582301262867e-02,4.534694048200115153e-04
28361795204,1.945909857749938965e-01,1.560668349266052246e-01,1.251019358634948730e+00,9.993974897656369150e-01,-1.449060307802162238e-05,-3.470644635373933834e-02,3.461526556873395629e-04
28461895304,2.059204429388046265e-01,1.741231977939605713e-01,1.338706493377685547e+00,9.993951973900375707e-01,-1.935064470022075946e-05,-3.477224147594042136e-02,3.609460060055360306e-04
28561995404,2.152591496706008911e-01,1.970248073339462280e-01,1.434689164161682129e+00,9.993932997968960619e-01,-2.397261490491048471e-05,-3.482656399609662667e-02,3.770763993936170890e-04
28662095504,2.256204038858413696e-01,2.225625813007354736e-01,1.540062427520751953e+00,9.993919929466325014e-01,-3.771373881476318922e-05,-3.486384685506092179e-02,3.939470760120675858e-04
28762195604,2.412317246198654175e-01,2.484371364116668701e-01,1.639274239540100098e+00,9.993906105050994748e-01,-4.896600989119705849e-05,-3.490324512084733849e-02,4.107512730638745698e-04
28862295704,2.590357959270477295e-01,2.742100656032562256e-01,1.737109184265136719e+00,9.993891677548379926e-01,-6.017920513757533024e-05,-3.494431229105321446e-02,4.275409466160705395e-04
28962395804,2.724859416484832764e-01,2.971458435058593750e-01,1.839120864868164062e+00,9.993878550334387434e-01,-7.391048231978315460e-05,-3.498159866960354192e-02,4.444135704788606048e-04
29062495904,2.134639471769332886e-01,7.479569315910339355e-02,1.786790609359741211e+00,9.994415991017417955e-01,-7.805450394590049672e-04,-3.339956991168809008e-02,5.911548942191260318e-04
29162596005,2.313179224729537964e-01,7.256730645895004272e-02,1.823590755462646484e+00,9.994427670780232642e-01,-6.414952491735300723e-04,-3.336607502231415251e-02,6.699678161601955702e-04
29262696105,2.116645574569702148e-01,-3.422851674258708954e-03,1.466953992843627930e+00,9.993915713864185424e-01,3.013638593732589910e-03,-3.474360013597943553e-02,5.359792932714177970e-04
29362796205,2.070404589176177979e-01,2.186732832342386246e-03,1.503319025039672852e+00,9.993900664398165379e-01,3.018907972142902563e-03,-3.478606792983660739e-02,5.574711253503989274e-04
29462896305,1.840066760778427124e-01,1.805599778890609741e-02,1.289337992668151855e+00,9.993692249516477055e-01,3.532134303211329450e-03,-3.533219247467325047e-02,5.589469918569065551e-04
29562996405,1.428344845771789551e-01,2.343835495412349701e-02,1.354814648628234863e+00,9.993680683786928531e-01,3.526877390310951838e-03,-3.536508010185523271e-02,5.797847042707819556e-04
29663096505,7.098487019538879395e-02,2.901050262153148651e-02,1.453428983688354492e+00,9.993669364273550793e-01,3.520910176010986527e-03,-3.539730015463729562e-02,6.005906242262366943e-04
29763196605,4.773954302072525024e-02,2.216520346701145172e-02,1.569628477096557617e+00,9.993653156981305852e-01,3.647158336794090617e-03,-3.543014774599644034e-02,6.071625308489450546e-04
29863296705,-7.303161919116973877e-02,1.762967184185981750e-02,1.730645179748535156e+00,9.993697896238703526e-01,3.618478254448398174e-03,-3.530562842631999876e-02,6.654349599325169512e-04
29963396805,-2.380850762128829956e-01,1.561643742024898529e-02,1.905166387557983398e+00,9.993694923798387419e-01,3.693239274473686905e-03,-3.530656674081398411e-02,6.511751692934163475e-04
30063496905,-4.307382404804229736e-01,1.447278633713722229e-02,2.081373929977416992e+00,9.993683737609272422e-01,3.686429029779369690e-03,-3.533853767036784083e-02,6.719544390092593899e-04
30163597006,-6.537970304489135742e-01,1.547628641128540039e-02,2.251235961914062500e+00,9.993672536385347360e-01,3.679619477852303158e-03,-3.537050854759762192e-02,6.927341157133118420e-04
30263697106,-9.066936969757080078e-01,1.630420051515102386e-02,2.403358459472656250e+00,9.993661318857500753e-01,3.672809454103629235e-03,-3.540248309315322667e-02,7.135133261063066014e-04
30363797206,-1.191524386405944824e+00,1.841383613646030426e-02,2.540032863616943359e+00,9.993650085026667407e-01,3.665998725736348361e-03,-3.543446130688138879e-02,7.342926521631912848e-04
30463897306,-1.655638217926025391e+00,9.493741206824779510e-03,2.565985918045043945e+00,9.994607197721254721e-01,3.662623780704657873e-03,-3.262247591465185920e-02,7.930225871993779865e-04
30563997406,-2.469362497329711914e+00,-1.065612137317657471e-01,1.845621824264526367e+00,9.994482798569306325e-01,4.225719637462426771e-03,-3.293789486229520280e-02,6.117733308580719769e-04
30664097506,-2.994184017181396484e+00,-1.551082581281661987e-01,1.250893950462341309e+00,9.993690696885759728e-01,4.840491266201649850e-03,-3.518191299164766250e-02,5.149682905707270728e-04
30764197606,-3.453288078308105469e+00,-1.798120737075805664e-01,1.180585503578186035e+00,9.993746862385054497e-01,4.431511734776522569e-03,-3.507807100749267548e-02,3.565723304179954146e-04
30864297706,-4.092165946960449219e+00,-2.187133431434631348e-01,5.629756450653076172e-01,9.993534531267280752e-01,4.569268249840110867e-03,-3.566036691340927767e-02,3.684330966293627020e-04
30964397806,-4.727612495422363281e+00,-2.404168397188186646e-01,7.858693599700927734e-03,9.993135102349121057e-01,4.562810889342813411e-03,-3.676391680598202483e-02,3.216206603936586496e-04
31064497906,-5.404215812683105469e+00,-2.646107375621795654e-01,-4.881115853786468506e-01,9.992805869761235416e-01,4.530765650061294690e-03,-3.765243721048506381e-02,2.731801401026185631e-04
31164598007,-6.104593753814697266e+00,-3.442625701427459717e-01,-7.465705871582031250e-01,9.993194875066379046e-01,4.375468446455053027e-03,-3.662249795488439069e-02,-4.580490029576426807e-04
31264698107,-7.098757743835449219e+00,-4.825318753719329834e-01,-1.577649354934692383e+00,9.993699690631382415e-01,4.331556779149719864e-03,-3.522298612805123408e-02,-4.937598953567775163e-04
31364798207,-7.970434188842773438e+00,-5.238933563232421875e-01,-2.339497089385986328e+00,9.993243978530801375e-01,4.205415775287273290e-03,-3.650641283885112942e-02,-5.866475732351615234e-04
31464898307,-8.862650871276855469e+00,-5.647326111793518066e-01,-3.008442163467407227e+00,9.992798431868977760e-01,3.984073123176499684e-03,-3.772823461603502793e-02,-7.088543402228981126e-04
31564998407,-9.793386459350585938e+00,-5.957286357879638672e-01,-3.675225019454956055e+00,9.992377474385576441e-01,3.770625103804815109e-03,-3.884729491928635287e-02,-7.708162543142565168e-04
31665098507,-1.075870704650878906e+01,-6.248305439949035645e-01,-4.283137321472167969e+00,9.991952758980241489e-01,3.868202208339339542e-03,-3.991619997322774088e-02,-7.311733339526913476e-04
31765198607,-1.175088214874267578e+01,-6.708511710166931152e-01,-4.687005996704101562e+00,9.991937284880756387e-01,3.782219495482551982e-03,-3.996284442260610720e-02,-7.475502929037985836e-04
31865298707,-1.281591510772705078e+01,-7.308748960494995117e-01,-5.264985561370849609e+00,9.991393610381291701e-01,4.144268297733325404e-03,-4.126148393806253201e-02,-9.231510301407926241e-04
31965398807,-1.394998073577880859e+01,-7.811458706855773926e-01,-5.849360942840576172e+00,9.991205197260085713e-01,3.723579185546119566e-03,-4.175196281540170112e-02,-1.046719418367882863e-03
32065498907,-1.511401653289794922e+01,-8.341222405433654785e-01,-6.334785938262939453e+00,9.991188143042672998e-01,3.632001861865427270e-03,-4.180025471696992290e-02,-1.068724149191958329e-03
32165599008,-1.633688926696777344e+01,-8.872834444046020508e-01,-6.844925403594970703e+00,9.991169758952852531e-01,3.540393264199910833e-03,-4.185145426673830826e-02,-1.090811236696944938e-03
32265699108,-1.761454010009765625e+01,-9.440680742263793945e-01,-7.386061191558837891e+00,9.991151257304861089e-01,3.448785133145274972e-03,-4.190265950680777812e-02,-1.112898879862228617e-03
32365799208,-1.895413398742675781e+01,-1.001919865608215332e+00,-7.944880485534667969e+00,9.991138612557323162e-01,3.357056572679260539e-03,-4.193963992564796878e-02,-1.135350490506167181e-03
32465899308,-2.038014221191406250e+01,-1.059576392173767090e+00,-8.597969055175781250e+00,9.991191502927319057e-01,3.251692938742273189e-03,-4.182120733770777060e-02,-1.156126367634933072e-03
32565999408,-2.183629608154296875e+01,-1.179715156555175781e+00,-9.226484298706054688e+00,9.990326772136401967e-01,4.813234326560594106e-03,-4.370068763072861712e-02,-8.902444978717624765e-04
32666099508,-2.336347198486328125e+01,-1.243137359619140625e+00,-9.846618652343750000e+00,9.990308917558466950e-01,4.725603404144378648e-03,-4.375074447395252419e-02,-9.046258670961114306e-04
32766199608,-2.495100402832031250e+01,-1.304433465003967285e+00,-1.048678112030029297e+01,9.990290959205463395e-01,4.637971967419125124e-03,-4.380080086246070786e-02,-9.190016389159753754e-04
32866299708,-2.659506797790527344e+01,-1.361566781997680664e+00,-1.115087604522705078e+01,9.990272901001487904e-01,4.550331638999774442e-03,-4.385084936133464700e-02,-9.333420691359826200e-04
32966399808,-2.829939842224121094e+01,-1.409865379333496094e+00,-1.183934402465820312e+01,9.990256042044969309e-01,4.458349025542223190e-03,-4.389831998908748367e-02,-9.501420641437193729e-04
33066499908,-3.006022453308105469e+01,-1.439145565032958984e+00,-1.255313205718994141e+01,9.990237791629962283e-01,4.370556348019386146e-03,-4.394834156190264435e-02,-9.644573872586534747e-04
33166600009,-3.187678146362304688e+01,-1.434333682060241699e+00,-1.328145408630371094e+01,9.990219440014104224e-01,4.282681001416017465e-03,-4.399836531038742865e-02,-9.787221753432939330e-04
33266700109,-3.373302841186523438e+01,-1.380771398544311523e+00,-1.401937103271484375e+01,9.990200986043049625e-01,4.194767891059224089e-03,-4.404838860883393548e-02,-9.929591885610214701e-04
33366800209,-3.561656951904296875e+01,-1.283818721771240234e+00,-1.474095916748046875e+01,9.990182429899195915e-01,4.106890128542727003e-03,-4.409840400592715537e-02,-1.007169765268484032e-03
33466900309,-3.751222991943359375e+01,-1.155510663986206055e+00,-1.542949485778808594e+01,9.990163772598051883e-01,4.019065412097645555e-03,-4.414840777932792920e-02,-1.021357164762790948e-03
33567000409,-3.941191482543945312e+01,-9.982796907424926758e-01,-1.607247352600097656e+01,9.990148337951090252e-01,3.927241464047901386e-03,-4.419117329628763358e-02,-1.038669587078214912e-03
33667100509,-4.130259704589843750e+01,-8.117010593414306641e-01,-1.666604423522949219e+01,9.990129462005333805e-01,3.839452751346480834e-03,-4.424119100331078136e-02,-1.053064532148666969e-03
33767200609,-4.318778991699218750e+01,-5.931461453437805176e-01,-1.719420623779296875e+01,9.990110479640919028e-01,3.751646991061566121e-03,-4.429121351967942044e-02,-1.067518381814586180e-03
33867300709,-4.507711410522460938e+01,-3.349687159061431885e-01,-1.764909172058105469e+01,9.990091392245192825e-01,3.663836086368532727e-03,-4.434123773620799597e-02,-1.081982919609125173e-03
33967400809,-4.698461532592773438e+01,-5.604987218976020813e-02,-1.806133460998535156e+01,9.990695142217224101e-01,3.514656129906591243e-03,-4.298310480473177542e-02,-4.534825306258295232e-04
34067500909,-4.891120147705078125e+01,2.394162118434906006e-01,-1.839180374145507812e+01,9.990147643410032252e-01,3.829268388944484947e-03,-4.420613735127135874e-02,-8.091679527302549991e-04
34167601010,-5.085700607299804688e+01,5.790297985076904297e-01,-1.866000366210937500e+01,9.990129537383192204e-01,3.749612985748022528e-03,-4.425369713599000554e-02,-8.178968713188985735e-04
34267701110,-5.282767105102539062e+01,9.380840063095092773e-01,-1.891087341308593750e+01,9.990111345724984604e-01,3.669970826021575188e-03,-4.430125281354301003e-02,-8.266277614897133254e-04
34367801210,-5.482259368896484375e+01,1.310803174972534180e+00,-1.916299057006835938e+01,9.990093066468879179e-01,3.590331862152620554e-03,-4.434880966600799473e-02,-8.353629344261257524e-04
34467901310,-5.684385299682617188e+01,1.695227026939392090e+00,-1.942586135864257812e+01,9.990074699117201806e-01,3.510698954998157841e-03,-4.439636828740976121e-02,-8.441186643024098856e-04
34568001410,-5.888945007324218750e+01,2.083915472030639648e+00,-1.971948242187500000e+01,9.990057859630536718e-01,3.427482907549424425e-03,-4.444056073576554272e-02,-8.535424712710870361e-04
34668101510,-6.096056747436523438e+01,2.473269939422607422e+00,-2.004409027099609375e+01,9.990869002202169558e-01,3.458373425239285454e-03,-4.254924809372545580e-02,-1.722483169251756620e-03
34768201610,-6.306660461425781250e+01,2.859231233596801758e+00,-2.039238929748535156e+01,9.991372636575764909e-01,4.035605267004103991e-03,-4.129656453077708289e-02,-1.742417554693958745e-03
34868301710,-6.520847320556640625e+01,3.246296167373657227e+00,-2.075390052795410156e+01,9.991212599727099519e-01,4.311897117579907047e-03,-4.165973312699775694e-02,-1.606875719966440645e-03
34968401810,-6.738661956787109375e+01,3.628680706024169922e+00,-2.113741111755371094e+01,9.991196931419261684e-01,4.249956180342595070e-03,-4.170281911833664812e-02,-1.628350709043434406e-03
35068501910,-6.960451507568359375e+01,4.004757404327392578e+00,-2.154305458068847656e+01,9.991043906782407502e-01,4.501287799362018935e-03,-4.203775065887458556e-02,-1.726978619061033662e-03
35168602011,-7.186408233642578125e+01,4.375276088714599609e+00,-2.196195793151855469e+01,9.990895068243308419e-01,5.247914528697696090e-03,-4.229758543431301476e-02,-1.879098997374938334e-03
35268702111,-7.417263793945312500e+01,4.738618850708007812e+00,-2.239002990722656250e+01,9.990835407503052545e-01,5.550648341225784647e-03,-4.239646557346427036e-02,-1.951566474178967206e-03
35368802211,-7.653683471679687500e+01,5.101797580718994141e+00,-2.281144714355468750e+01,9.991154538260074158e-01,4.652248821936858306e-03,-4.173808240542353082e-02,-2.144524205570970052e-03
35468902311,-7.895264434814453125e+01,5.466263294219970703e+00,-2.323066902160644531e+01,9.991171475105973254e-01,4.487705934333385653e-03,-4.173171568304669121e-02,-1.802762292602743755e-03
35569002411,-8.144903564453125000e+01,5.867963790893554688e+00,-2.368938255310058594e+01,9.991792569443681549e-01,-1.092118742121455212e-03,-4.043709297719645657e-02,-2.112174307924483737e-03
35669102511,-8.395987701416015625e+01,6.234765052795410156e+00,-2.412370872497558594e+01,9.991781215941105687e-01,-1.212525470571553183e-03,-4.046022318768366377e-02,-2.140432024370327643e-03
35769202611,-8.652207183837890625e+01,6.599458217620849609e+00,-2.456000328063964844e+01,9.991769023694230256e-01,-1.332707833647281013e-03,-4.048503997108199998e-02,-2.168686195517889170e-03
35869302711,-8.914078521728515625e+01,6.967285156250000000e+00,-2.499031639099121094e+01,9.991760699981823146e-01,-1.448828502417346320e-03,-4.050008277701836606e-02,-2.196664292267991574e-03
35969402811,-9.181236267089843750e+01,7.332303047180175781e+00,-2.543313407897949219e+01,9.991748238431827911e-01,-1.568988206387225562e-03,-4.052480030109525261e-02,-2.224912247511213245e-03
36069502911,-9.456311035156250000e+01,7.718780994415283203e+00,-2.593697929382324219e+01,9.992535521599211767e-01,-1.091031453454284440e-03,-3.854035140795981224e-02,-2.406129568072569360e-03
36169603012,-9.735974121093750000e+01,8.085352897644042969e+00,-2.647587966918945312e+01,9.992825277058914324e-01,-1.638030789618885586e-04,-3.778762328052373554e-02,-2.549218916671860610e-03
36269703112,-1.001973342895507812e+02,8.462908744812011719e+00,-2.702734375000000000e+01,9.992350977995846373e-01,-1.497850410425743961e-03,-3.901948051187442701e-02,-2.110902694557271076e-03
36369803212,-1.030811004638671875e+02,8.833497047424316406e+00,-2.759515380859375000e+01,9.992260452712242724e-01,-1.692332595281370589e-03,-3.925739785119478076e-02,-1.817464159070533193e-03
36469903312,-1.060142822265625000e+02,9.212511062622070312e+00,-2.818695259094238281e+01,9.992198469677983086e-01,-2.063896874695485707e-03,-3.940571657485665569e-02,-1.620881415315127789e-03
36570003412,-1.089962463378906250e+02,9.596983909606933594e+00,-2.879954338073730469e+01,9.992105774716297795e-01,-3.036052630539028997e-03,-3.958910257384753301e-02,-1.306602707008119825e-03
36670103512,-1.120357360839843750e+02,9.969132423400878906e+00,-2.943079757690429688e+01,9.992141656058374233e-01,-2.420981486659011268e-03,-3.953050932009578855e-02,-1.590262294370262380e-03
36770203612,-1.151214065551757812e+02,1.030638790130615234e+01,-3.006024932861328125e+01,9.991491845181134090e-01,-3.530768844050269015e-03,-4.107110497634571672e-02,1.266919169042041897e-03
36870303712,-1.182502899169921875e+02,1.072017383575439453e+01,-3.072444534301757812e+01,9.990975669517437874e-01,-7.393628220260161851e-03,-4.178351085548167448e-02,1.877283525857006800e-03
36970403812,-1.214427413940429688e+02,1.105499267578125000e+01,-3.139904785156250000e+01,9.990985712870052993e-01,-7.161126739389639222e-03,-4.179984215366228106e-02,1.880508446207968930e-03
37070503912,-1.246755828857421875e+02,1.145058917999267578e+01,-3.210815811157226562e+01,9.991036812555359470e-01,-5.862407129880195175e-03,-4.188166003022351230e-02,1.841965632970317965e-03
37170604013,-1.279613189697265625e+02,1.184787464141845703e+01,-3.284051132202148438e+01,9.991038819601925081e-01,-5.189570019355623995e-03,-4.196780828413731318e-02,1.790106955953531470e-03
37270704113,-1.313003387451171875e+02,1.223921012878417969e+01,-3.359504699707031250e+01,9.991058861289506821e-01,-4.325364059340080537e-03,-4.202299751700432073e-02,1.669493313596588126e-03
37370804213,-1.346914367675781250e+02,1.262089920043945312e+01,-3.437364196777343750e+01,9.991080412147191891e-01,-3.364282775563087399e-03,-4.206562267905848002e-02,1.512273161960958926e-03
37470904313,-1.381451110839843750e+02,1.295889854431152344e+01,-3.516660308837890625e+01,9.990596785142461522e-01,-4.756129819067519970e-03,-4.294187581554185368e-02,3.623989182910664249e-03
37571004413,-1.416386566162109375e+02,1.336524105072021484e+01,-3.598869323730468750e+01,9.990507204403098473e-01,-6.024859283566058252e-03,-4.301135545686771838e-02,3.373775344370916196e-03
37671104513,-1.451936187744140625e+02,1.374218559265136719e+01,-3.682311630249023438e+01,9.990302722682872227e-01,-6.545389872928632571e-03,-4.337685469398334936e-02,3.757850425474438313e-03
37771204613,-1.488123779296875000e+02,1.407919406890869141e+01,-3.767519760131835938e+01,9.990317113031793594e-01,-5.547687348878271689e-03,-4.348012756055376349e-02,3.787015056461845094e-03
37871304713,-1.524809875488281250e+02,1.441554641723632812e+01,-3.855255126953125000e+01,9.990358043243199315e-01,-4.607176265479774602e-03,-4.348418726949849350e-02,3.919319128301774688e-03
37971404813,-1.562024383544921875e+02,1.475004100799560547e+01,-3.945239257812500000e+01,9.990335293253204130e-01,-3.952939366885899197e-03,-4.357100844538957379e-02,4.236599722385945947e-03
38071504913,-1.599739685058593750e+02,1.508390617370605469e+01,-4.037704086303710938e+01,9.990291688273478243e-01,-3.835016198695128178e-03,-4.365668486384683550e-02,4.484010436321178052e-03
38171605014,-1.637960052490234375e+02,1.541098213195800781e+01,-4.132749938964843750e+01,9.990064292363041165e-01,-1.900315710558228002e-03,-4.417869728588923184e-02,5.548499873953861676e-03
38271705114,-1.676455230712890625e+02,1.576468563079833984e+01,-4.230216598510742188e+01,9.989320018863027117e-01,5.239253190874151910e-04,-4.583759322795172980e-02,5.787586435866692511e-03
38371805214,-1.715433807373046875e+02,1.612095642089843750e+01,-4.329881286621093750e+01,9.989201036933043065e-01,2.065100749798685594e-04,-4.604119530118348791e-02,6.228332536510093782e-03
38471905314,-1.754973144531250000e+02,1.647032928466796875e+01,-4.431712722778320312e+01,9.989219613293189859e-01,5.559295370536797764e-04,-4.598054901087918894e-02,6.355724112533673448e-03
38572005414,-1.794997863769531250e+02,1.682097816467285156e+01,-4.535274505615234375e+01,9.989110780429812930e-01,2.282853518578089214e-04,-4.618455447870427333e-02,6.602497740306076564e-03
38672105514,-1.835747528076171875e+02,1.714026260375976562e+01,-4.640563201904296875e+01,9.989080304200793625e-01,2.830321283087284525e-04,-4.623835476053454047e-02,6.684400057675566643e-03
38772205614,-1.876995391845703125e+02,1.746018409729003906e+01,-4.747459793090820312e+01,9.989049701988589325e-01,3.377791033728749499e-04,-4.629215445768126991e-02,6.766302754091744857e-03
38872305714,-1.918755035400390625e+02,1.777767944335937500e+01,-4.856203842163085938e+01,9.988998253359522295e-01,2.693147128709431470e-04,-4.620196706691179211e-02,8.027742680073878326e-03
38972405814,-1.960816955566406250e+02,1.811893844604492188e+01,-4.966830062866210938e+01,9.989030940433895056e-01,3.994874469319525663e-04,-4.610326230801062297e-02,8.181584497018919502e-03
39072505914,-2.003346710205078125e+02,1.845537185668945312e+01,-5.079816436767578125e+01,9.988950403396964495e-01,4.035025791727976392e-04,-4.628346543664550727e-02,8.147171140953117160e-03
39172606015,-2.046523437500000000e+02,1.876629066467285156e+01,-5.195431900024414062e+01,9.988917703205162368e-01,4.541353553035826587e-04,-4.633637887811350997e-02,8.244085121340262445e-03
39272706115,-2.090179290771484375e+02,1.907784461975097656e+01,-5.312783813476562500e+01,9.988884133938573662e-01,5.060550075451035858e-04,-4.639062194462765382e-02,8.342163473711311159e-03
39372806215,-2.134277038574218750e+02,1.938717460632324219e+01,-5.432473373413085938e+01,9.988851114956225352e-01,5.566884406206865912e-04,-4.644357957118866453e-02,8.439078561824230398e-03
39472906315,-2.178838043212890625e+02,1.969599914550781250e+01,-5.554280853271484375e+01,9.988817948824824100e-01,6.073213747233682964e-04,-4.649653555949914696e-02,8.535994028955468105e-03
39573006415,-2.223804321289062500e+02,2.000240135192871094e+01,-5.677665710449218750e+01,9.990897155847077160e-01,1.364853462814540454e-03,-4.156172638586360518e-02,9.513163917405920156e-03
39673106515,-2.269133300781250000e+02,2.030791282653808594e+01,-5.803725814819335938e+01,9.991078549245386853e-01,3.527425545665734651e-03,-4.103515495735229196e-02,9.336356609126321079e-03
39773206615,-2.314924316406250000e+02,2.061084747314453125e+01,-5.931745910644531250e+01,9.991098804128051292e-01,3.923141461060460425e-03,-4.099893636332971325e-02,9.118280521159576740e-03
39873306715,-2.361271057128906250e+02,2.091056442260742188e+01,-6.061157989501953125e+01,9.991072039906291335e-01,3.964329454709055074e-03,-4.103650743142185642e-02,9.224103416194720170e-03
39973406815,-2.408051147460937500e+02,2.120870780944824219e+01,-6.192667770385742188e+01,9.991044953817100893e-01,4.005507774954133147e-03,-4.107450430569559857e-02,9.329968465376099751e-03
40073506915,-2.455294036865234375e+02,2.150613212585449219e+01,-6.326062393188476562e+01,9.991018010389408621e-01,4.046557404048682638e-03,-4.111183366545623913e-02,9.435765288751223057e-03
40173607016,-2.503002014160156250e+02,2.180309104919433594e+01,-6.461110687255859375e+01,9.990990545118911825e-01,4.087730689443704740e-03,-4.115005122386134612e-02,9.541646374166276937e-03
40273707116,-2.551179199218750000e+02,2.210326957702636719e+01,-6.597689819335937500e+01,9.991225971134124473e-01,4.725148047311488256e-03,-4.097262805703278526e-02,7.276858070672996733e-03
40373807216,-2.599698181152343750e+02,2.239619255065917969e+01,-6.736968231201171875e+01,9.991373800251966975e-01,6.733342458228731668e-03,-4.039835601713428342e-02,6.865185127794548592e-03
40473907316,-2.648674621582031250e+02,2.269246101379394531e+01,-6.877776336669921875e+01,9.991214698872949995e-01,6.203270505760701860e-03,-4.077178671241085683e-02,7.447768361147112659e-03
40574007416,-2.698157043457031250e+02,2.299359893798828125e+01,-7.019576263427734375e+01,9.991190626873639458e-01,6.245831241562511613e-03,-4.080959990058435904e-02,7.527597410830721460e-03
40674107516,-2.748073425292968750e+02,2.329434967041015625e+01,-7.163272094726562500e+01,9.991166401609311576e-01,6.288417961050128506e-03,-4.084754285009120633e-02,7.607456617647542774e-03
40774207616,-2.798426208496093750e+02,2.359572792053222656e+01,-7.308744049072265625e+01,9.991142041846328148e-01,6.331005062785748615e-03,-4.088557838308193998e-02,7.687317587024497523e-03
40874307716,-2.849213867187500000e+02,2.389855957031250000e+01,-7.456207275390625000e+01,9.991117544860865785e-01,6.373381133090455335e-03,-4.092377726737628924e-02,7.767014538202703794e-03
40974407816,-2.900453186035156250e+02,2.420172500610351562e+01,-7.605393981933593750e+01,9.991092628852729085e-01,6.414420403020442210e-03,-4.096332915735963892e-02,7.844851310634483321e-03
41074507916,-2.952105712890625000e+02,2.450458717346191406e+01,-7.756287384033203125e+01,9.991067986719973648e-01,6.456942131258176440e-03,-4.100137098357204551e-02,7.924665492866416958e-03
41174608017,-3.004163513183593750e+02,2.480777740478515625e+01,-7.909513854980468750e+01,9.991043249231338352e-01,6.499462398741318730e-03,-4.103940869124922397e-02,8.004488908663941540e-03
41274708117,-3.056622009277343750e+02,2.511394882202148438e+01,-8.064916992187500000e+01,9.991018380517316944e-01,6.541844666635087194e-03,-4.107757496758691201e-02,8.084200937082279548e-03
41374808217,-3.109465637207031250e+02,2.542765998840332031e+01,-8.222558593750000000e+01,9.990993428565486667e-01,6.584352609619876194e-03,-4.111565149567907029e-02,8.164104752566450282e-03
41474908317,-3.162696533203125000e+02,2.575587844848632812e+01,-8.382179260253906250e+01,9.990968386450048699e-01,6.626790644307626807e-03,-4.115371275184492167e-02,8.244063442994539748e-03
41575008417,-3.216327209472656250e+02,2.610631179809570312e+01,-8.542852783203125000e+01,9.990943230836810685e-01,6.669168532859667473e-03,-4.119180334232809548e-02,8.324128209499272180e-03
41675108517,-3.270281982421875000e+02,2.649640846252441406e+01,-8.703334045410156250e+01,9.991269212643368869e-01,5.922426063837496653e-03,-4.101672437531030113e-02,5.286624242913129032e-03
41775208617,-3.324451599121093750e+02,2.691601371765136719e+01,-8.863146209716796875e+01,9.991250690796598111e-01,5.941075772177254952e-03,-4.105322831285047880e-02,5.332204077798894173e-03
41875308717,-3.378680725097656250e+02,2.735399055480957031e+01,-9.022656250000000000e+01,9.991232703576972130e-01,5.956237175028760225e-03,-4.108921418212483495e-02,5.374974079026676073e-03
41975408817,-3.432919006347656250e+02,2.780478286743164062e+01,-9.180786132812500000e+01,9.991215703074813881e-01,5.965137639031199181e-03,-4.112383947437237008e-02,5.416152337760654113e-03
42075508917,-3.487198791503906250e+02,2.827053070068359375e+01,-9.334764099121093750e+01,9.991198264415152019e-01,5.977273145681667212e-03,-4.115863305293235297e-02,5.459994728257660905e-03
42175609018,-3.541516723632812500e+02,2.875027847290039062e+01,-9.484803771972656250e+01,9.991179542938662950e-01,5.996346018905238974e-03,-4.119522557144679464e-02,5.505509256987659895e-03
42275709118,-3.595892333984375000e+02,2.923727416992187500e+01,-9.633190155029296875e+01,9.991161820030136642e-01,6.008580897950383665e-03,-4.123044511727005923e-02,5.549973940992192732e-03
42375809218,-3.650162048339843750e+02,2.980688285827636719e+01,-9.781079101562500000e+01,9.991800971012630983e-01,-1.851290015888787735e-02,-3.598686905024028881e-02,-1.162471667648970388e-03
42475909318,-3.704576721191406250e+02,3.035570907592773438e+01,-9.928690338134765625e+01,9.991877526068843052e-01,-1.738272767671858454e-02,-3.627481629999790291e-02,2.411124493365050803e-03
42576009418,-3.759190063476562500e+02,3.089857482910156250e+01,-1.007536849975585938e+02,9.992365932902560477e-01,-1.447989805514820344e-02,-3.625996445612252039e-02,1.333476522684085572e-03
42676109518,-3.813898010253906250e+02,3.143832969665527344e+01,-1.022204284667968750e+02,9.993399412217662814e-01,-6.022675087752560330e-03,-3.578758782303721742e-02,1.630282635753587837e-03
42776209618,-3.868854064941406250e+02,3.197092628479003906e+01,-1.036705017089843750e+02,9.993390140035902647e-01,-6.139780675522999581e-03,-3.579361256469423130e-02,1.629565327721517161e-03
42876309718,-3.923990478515625000e+02,3.250337219238281250e+01,-1.051039428710937500e+02,9.993380792378218080e-01,-6.251930281983466252e-03,-3.580031290384039222e-02,1.629217295988308811e-03
42976409818,-3.979335937500000000e+02,3.303543472290039062e+01,-1.065206985473632812e+02,9.993371227968840254e-01,-6.369126491854720275e-03,-3.580638130217590059e-02,1.628583992173655154e-03
43076509918,-4.034729309082031250e+02,3.359820175170898438e+01,-1.079220123291015625e+02,9.993304214236475858e-01,-1.275510383515204502e-02,-3.309023994207185848e-02,-9.002897531654067281e-03
43176610019,-4.090251770019531250e+02,3.419390487670898438e+01,-1.093175888061523438e+02,9.992935111581869867e-01,-1.543959238969499527e-02,-3.371322715879689069e-02,-6.125019062973540221e-03
43276710119,-4.146191711425781250e+02,3.474334716796875000e+01,-1.106988296508789062e+02,9.992802517030394682e-01,-1.333141204139915575e-02,-3.502418395513633154e-02,-5.878651849644145333e-03
43376810219,-4.202338562011718750e+02,3.529562377929687500e+01,-1.120802688598632812e+02,9.992762242512773785e-01,-1.328025949119673171e-02,-3.514674690589068146e-02,-5.947145188287285972e-03
43476910319,-4.258768005371093750e+02,3.585136413574218750e+01,-1.134576339721679688e+02,9.992793332934697403e-01,-1.041357512219090627e-02,-3.603534820064616118e-02,-5.815942382044378064e-03
43577010419,-4.315450439453125000e+02,3.639958190917968750e+01,-1.148399200439453125e+02,9.992774283601726371e-01,-1.054561806403463663e-02,-3.603696506376201369e-02,-5.894765349086179829e-03
43677110519,-4.372391662597656250e+02,3.694795608520507812e+01,-1.162314834594726562e+02,9.992754625358829523e-01,-1.068506437002157347e-02,-3.603733920925403234e-02,-5.974073637209409253e-03
43777210619,-4.429438171386718750e+02,3.754082107543945312e+01,-1.176469955444335938e+02,9.989990046500346610e-01,-2.849166684736370581e-02,-3.174928029858471723e-02,1.346093715239690854e-02
43877310719,-4.486693725585937500e+02,3.818194961547851562e+01,-1.190810089111328125e+02,9.988508178957078432e-01,-3.141667119530416191e-02,-3.163073008739476777e-02,1.759355774764625666e-02
43977410819,-4.544290161132812500e+02,3.878039169311523438e+01,-1.205167999267578125e+02,9.992473878226415529e-01,-1.861794880920769613e-02,-3.275633654709544929e-02,9.222381892903129888e-03
44077510919,-4.602299804687500000e+02,3.932597351074218750e+01,-1.219574203491210938e+02,9.992667356863972339e-01,-1.691821204037162810e-02,-3.306217465245019083e-02,9.309009574578940016e-03
44177611020,-4.660603942871093750e+02,3.986891555786132812e+01,-1.234105224609375000e+02,9.993164819561299872e-01,-1.390281555076772202e-02,-3.319897025210252067e-02,8.432614350546763227e-03
44277711120,-4.719198303222656250e+02,4.040867233276367188e+01,-1.248852920532226562e+02,9.993394667587377489e-01,-1.269792510281127912e-02,-3.323154716355117277e-02,7.420050509376940884e-03
44377811220,-4.778108520507812500e+02,4.095102691650390625e+01,-1.263751754760742188e+02,9.993482228057177785e-01,-1.227974538529090845e-02,-3.323862502064980906e-02,6.894290033250601024e-03
44477911320,-4.837352600097656250e+02,4.150085449218750000e+01,-1.278744812011718750e+02,9.993203408782519448e-01,-1.328853734719441688e-02,-3.345658845435950379e-02,7.932702637948794294e-03
44578011420,-4.896965637207031250e+02,4.205120849609375000e+01,-1.293774566650390625e+02,9.993134650582971013e-01,-1.235127531485138465e-02,-3.416905522595600070e-02,7.247083292060457066e-03
44678111520,-4.956904907226562500e+02,4.260518264770507812e+01,-1.308974761962890625e+02,9.993112767918775896e-01,-8.537917892288447025e-03,-3.532574145011152522e-02,7.494533050957755647e-03
44778211620,-5.017121276855468750e+02,4.318401718139648438e+01,-1.324366302490234375e+02,9.992586589620741089e-01,-1.286844317743432616e-02,-3.532472280082821908e-02,8.288523303409209980e-03
44878311720,-5.077675476074218750e+02,4.376179885864257812e+01,-1.339853820800781250e+02,9.992427202685947307e-01,-1.260041442064375669e-02,-3.558615585417199828e-02,9.425553467549193515e-03
44978411820,-5.138564453125000000e+02,4.434033203125000000e+01,-1.355414123535156250e+02,9.992236946194767988e-01,-1.326417624346161277e-02,-3.567035071990191930e-02,1.018311441082125901e-02
45078511920,-5.199846801757812500e+02,4.488526153564453125e+01,-1.371027679443359375e+02,9.992211837717778211e-01,-1.298584869327579043e-02,-3.574486902712933206e-02,1.052131045429300846e-02
45178612021,-5.261256103515625000e+02,4.543531799316406250e+01,-1.386735687255859375e+02,9.991358310359488293e-01,-1.946293894614841563e-02,-2.812847063924346289e-02,2.361301097233164253e-02
45278712121,-5.322689208984375000e+02,4.605782699584960938e+01,-1.402714233398437500e+02,9.985680775827495692e-01,-3.123720051277963095e-02,-2.442820831050283858e-02,3.590674554391103113e-02
45378812221,-5.384594116210937500e+02,4.663454437255859375e+01,-1.418872070312500000e+02,9.990719890713739559e-01,-1.782591487827354590e-02,-2.991686318133427239e-02,2.534519104505178477e-02
45478912321,-5.446950073242187500e+02,4.716146850585937500e+01,-1.435096282958984375e+02,9.991266205818012391e-01,-1.645756338873733196e-02,-3.027725056013149882e-02,2.363118174391710610e-02
45579012421,-5.509639282226562500e+02,4.767983245849609375e+01,-1.451452331542968750e+02,9.991982617496435459e-01,-1.432333899798632695e-02,-3.095277971095412167e-02,2.096666651151268129e-02
45679112521,-5.572646484375000000e+02,4.819268417358398438e+01,-1.467947082519531250e+02,9.992036153087556771e-01,-1.370950406081720106e-02,-3.125185124932763903e-02,2.067622900358375565e-02
45779212621,-5.635958862304687500e+02,4.870323944091796875e+01,-1.484542694091796875e+02,9.991941184958057498e-01,-1.362707615728630042e-02,-3.134400686290744753e-02,2.104684281718812583e-02
45879312721,-5.699562988281250000e+02,4.921085739135742188e+01,-1.501261596679687500e+02,9.991887174561536744e-01,-1.364000509066265118e-02,-3.167161333678394225e-02,2.080303050275281174e-02
45979412821,-5.763498535156250000e+02,4.971696472167968750e+01,-1.518099365234375000e+02,9.991611062383418673e-01,-1.350123690345047915e-02,-3.259255678379477383e-02,2.079725041790481121e-02
46079512921,-5.827751464843750000e+02,5.021776580810546875e+01,-1.535031433105468750e+02,9.991572544363159780e-01,-1.339966450503506969e-02,-3.267423628401355806e-02,2.091946896294802349e-02
46179613022,-5.892296752929687500e+02,5.071157073974609375e+01,-1.552101898193359375e+02,9.991545499652583207e-01,-1.330798654454119594e-02,-3.271596448107375738e-02,2.104158848389734576e-02
46279713122,-5.957139892578125000e+02,5.120073699951171875e+01,-1.569263000488281250e+02,9.991518205484988258e-01,-1.321631290384013384e-02,-3.275768813811210517e-02,2.116370562294230678e-02
46379813222,-6.022233276367187500e+02,5.168231201171875000e+01,-1.586616973876953125e+02,9.991490659811391728e-01,-1.312464079313654594e-02,-3.279941469585084812e-02,2.128582036656676002e-02
46479913322,-6.087604370117187500e+02,5.215507507324218750e+01,-1.604111938476562500e+02,9.991453206725058322e-01,-1.301262066703945397e-02,-3.287720829237608666e-02,2.141002233793613818e-02
46580013422,-6.153201293945312500e+02,5.264944076538085938e+01,-1.621570434570312500e+02,9.991673425746145920e-01,-1.812780016846183076e-02,-2.999983234875707588e-02,2.088095908912293575e-02
46680113522,-6.219067382812500000e+02,5.313595199584960938e+01,-1.639100189208984375e+02,9.992444528066822818e-01,-1.600385831862545169e-02,-3.023981679390928129e-02,1.843782889231694935e-02
46780213622,-6.285237426757812500e+02,5.361341857910156250e+01,-1.656665802001953125e+02,9.992409191376966371e-01,-1.602751550210265372e-02,-3.028090064300564821e-02,1.854107127243741562e-02
46880313722,-6.351715698242187500e+02,5.408311080932617188e+01,-1.674258270263671875e+02,9.992787019390069192e-01,-1.433412225476976554e-02,-3.082317974142320671e-02,1.692750368207358511e-02
46980413822,-6.418461303710937500e+02,5.454697799682617188e+01,-1.691931457519531250e+02,9.992863843301607041e-01,-1.390953042416120597e-02,-3.102732918946663615e-02,1.644846190687474993e-02
47080513922,-6.485514526367187500e+02,5.500083541870117188e+01,-1.709683380126953125e+02,9.992835635813118733e-01,-1.303348891419737338e-02,-3.188172019173145244e-02,1.568577829034618551e-02
47180614023,-6.552827758789062500e+02,5.544852066040039062e+01,-1.727526397705078125e+02,9.992813516315810496e-01,-1.302539377254568337e-02,-3.191573188245697135e-02,1.576405584986837610e-02
47280714123,-6.620544433593750000e+02,5.589743041992187500e+01,-1.745623626708984375e+02,9.992260519468132429e-01,-1.111326945764206167e-02,-3.568686237578046205e-02,1.225725118117220770e-02
47380814223,-6.688436279296875000e+02,5.635451126098632812e+01,-1.763976745605468750e+02,9.992318532830901656e-01,-1.047889058007061766e-02,-3.549817288309133761e-02,1.287540129913814294e-02
47480914323,-6.756633911132812500e+02,5.678050994873046875e+01,-1.782336273193359375e+02,9.992292831832618738e-01,-1.046082067928696437e-02,-3.555676238717438847e-02,1.292778048708528860e-02
47581014423,-6.825107421875000000e+02,5.720483779907226562e+01,-1.800662841796875000e+02,9.992267214595095259e-01,-1.044180494883877736e-02,-3.561516008168880143e-02,1.298030057609832026e-02
47681114523,-6.893838500976562500e+02,5.762185287475585938e+01,-1.819035644531250000e+02,9.992241253138296475e-01,-1.042582497070005873e-02,-3.567347831635499927e-02,1.303274757312601617e-02
47781214623,-6.962796020507812500e+02,5.802824020385742188e+01,-1.837498931884765625e+02,9.992215761703011623e-01,-1.040253149664957869e-02,-3.573241875756357627e-02,1.308523228431028584e-02
47881314723,-7.032009277343750000e+02,5.842872619628906250e+01,-1.856026611328125000e+02,9.992190492032096971e-01,-1.037807192673548262e-02,-3.579104280741819688e-02,1.313729756359861486e-02
47981414823,-7.101778564453125000e+02,5.883966827392578125e+01,-1.874719085693359375e+02,9.990403898352371304e-01,-8.432695346782721063e-03,-4.297847895306164401e-02,-1.986804639721990822e-04
48081514923,-7.171750488281250000e+02,5.925854492187500000e+01,-1.893471984863281250e+02,9.990583280926681464e-01,-9.025658139971477756e-03,-4.240941096126708831e-02,1.560905423672825573e-03
48181615024,-7.241932983398437500e+02,5.967679595947265625e+01,-1.912164916992187500e+02,9.990783036375699977e-01,-9.125998903352068245e-03,-4.188744599107530747e-02,2.168228086733533459e-03
48281715124,-7.312365722656250000e+02,6.007237243652343750e+01,-1.930766296386718750e+02,9.990749429003470405e-01,-9.151045682383908073e-03,-4.196537437556924904e-02,2.103374694524879750e-03
48381815224,-7.383029174804687500e+02,6.046573638916015625e+01,-1.949434356689453125e+02,9.990713221479161632e-01,-9.195225899611338127e-03,-4.204344591698089273e-02,2.071168195974380354e-03
48481915324,-7.453903198242187500e+02,6.085565185546875000e+01,-1.968208160400390625e+02,9.990678771128601587e-01,-9.228330801765780370e-03,-4.211990427955046579e-02,2.031869901734552428e-03
48582015424,-7.524976806640625000e+02,6.124196624755859375e+01,-1.987101135253906250e+02,9.990644996901167918e-01,-9.256174737754958512e-03,-4.219562909999155509e-02,1.994385373223194965e-03
48682115524,-7.596361083984375000e+02,6.164819717407226562e+01,-2.006028747558593750e+02,9.989055931713703984e-01,-1.193091545602787198e-02,-4.468605640753645081e-02,6.958846892717728168e-03
48782215624,-7.667897949218750000e+02,6.204542922973632812e+01,-2.025005493164062500e+02,9.988934133005612503e-01,-1.259415656483179984e-02,-4.477140188788924363e-02,6.989825331719230934e-03
48882315724,-7.739647827148437500e+02,6.243401718139648438e+01,-2.043865051269531250e+02,9.988921613851786674e-01,-1.258213318796773741e-02,-4.483884453188535096e-02,6.754100142276637381e-03
48982415824,-7.811618652343750000e+02,6.281816482543945312e+01,-2.062671356201171875e+02,9.988880747742409083e-01,-1.262268720512579705e-02,-4.492136937933711299e-02,6.734420139656359036e-03
49082515924,-7.883842773437500000e+02,6.319772720336914062e+01,-2.081394042968750000e+02,9.988840339212248232e-01,-1.266259266784824922e-02,-4.500178776861965546e-02,6.721950744976686216e-03
49182616025,-7.956290283203125000e+02,6.357295989990234375e+01,-2.100132751464843750e+02,9.988795313108764784e-01,-1.271833918866317921e-02,-4.508499708285086671e-02,6.728210347872423669e-03
49282716125,-8.028975830078125000e+02,6.394659042358398438e+01,-2.118833923339843750e+02,9.988750695453656459e-01,-1.277170128686151533e-02,-4.516810124522038783e-02,6.732140586901727043e-03
49382816225,-8.101788330078125000e+02,6.428768920898437500e+01,-2.137683410644531250e+02,9.990816746866563181e-01,-2.229004407545221670e-03,-4.274188369365385098e-02,-1.992541837864755024e-03
49482916325,-8.174868774414062500e+02,6.462461853027343750e+01,-2.156561431884765625e+02,9.990783319265660323e-01,-2.247911176172893120e-03,-4.281651222446732075e-02,-2.044468416656538071e-03
49583016425,-8.248195800781250000e+02,6.495793151855468750e+01,-2.175514221191406250e+02,9.990750599481437177e-01,-2.265382666728015491e-03,-4.288935426155344316e-02,-2.096645419080333649e-03
49683116525,-8.321743774414062500e+02,6.528550720214843750e+01,-2.194560699462890625e+02,9.990718080981633165e-01,-2.282602278675928582e-03,-4.296156013182892558e-02,-2.148567276862935454e-03
49783216625,-8.395509643554687500e+02,6.560943603515625000e+01,-2.213740692138671875e+02,9.990687124506493211e-01,-2.284415010040373624e-03,-4.303069306842915998e-02,-2.201977364561933954e-03
49883316725,-8.469501342773437500e+02,6.593245697021484375e+01,-2.232976989746093750e+02,9.990654797568649936e-01,-2.304525723998374249e-03,-4.310197961597745514e-02,-2.252925333085308707e-03
49983416825,-8.543706665039062500e+02,6.625122833251953125e+01,-2.252249298095703125e+02,9.990627506573084293e-01,-2.268637704504743603e-03,-4.316438622595148572e-02,-2.304190477207427885e-03
50083516925,-8.617200317382812500e+02,6.648711395263671875e+01,-2.271542510986328125e+02,9.994034251413784764e-01,1.966901767080798599e-02,-2.287950434931445773e-02,-1.680630358752265019e-02
50183617026,-8.690748291015625000e+02,6.671234130859375000e+01,-2.290978851318359375e+02,9.993576679256052087e-01,2.194387897931395978e-02,-2.143931260905012140e-02,-1.852224631323762943e-02
50283717126,-8.764448852539062500e+02,6.693704986572265625e+01,-2.310588531494140625e+02,9.994064816126210227e-01,2.037310529056182012e-02,-2.210819085137923079e-02,-1.681811489973176338e-02
50383817226,-8.838425903320312500e+02,6.716441345214843750e+01,-2.330258026123046875e+02,9.994032575605632518e-01,2.042256026981478789e-02,-2.210204959108466941e-02,-1.695721714296670457e-02
50483917326,-8.912567138671875000e+02,6.739071655273437500e+01,-2.349886169433593750e+02,9.994000163770702105e-01,2.047197019412615518e-02,-2.209573658875090343e-02,-1.709631909163715491e-02
50584017426,-8.986785888671875000e+02,6.761748504638671875e+01,-2.369542694091796875e+02,9.993967159012735468e-01,2.052036620494739755e-02,-2.209156136496074133e-02,-1.723605909197515121e-02
50684117526,-9.061077270507812500e+02,6.783944702148437500e+01,-2.389250335693359375e+02,9.993934269673904192e-01,2.056978754764359971e-02,-2.208542371336812832e-02,-1.737515565458341849e-02
50784217626,-9.135471801757812500e+02,6.805847167968750000e+01,-2.409030609130859375e+02,9.993212378366446158e-01,2.114399182875695976e-02,-2.311346343319593127e-02,-1.938460797396490687e-02
50884317726,-9.209906616210937500e+02,6.827912139892578125e+01,-2.428999633789062500e+02,9.993170654866172509e-01,2.119960542350183413e-02,-2.311114678619213131e-02,-1.954109135465284877e-02
50984417826,-9.284407958984375000e+02,6.850151824951171875e+01,-2.449060974121093750e+02,9.993129873940285179e-01,2.125528121594409681e-02,-2.310470331942412331e-02,-1.969616537742108209e-02
51084517926,-9.359028930664062500e+02,6.872125244140625000e+01,-2.469097137451171875e+02,9.993088806099054144e-01,2.131096325277745396e-02,-2.309829782040691282e-02,-1.985126235826164751e-02
51184618027,-9.433668212890625000e+02,6.894255828857421875e+01,-2.489255218505859375e+02,9.993047481841073054e-01,2.136664474201564398e-02,-2.309184702530811539e-02,-2.000633275056240903e-02
51284718127,-9.508369140625000000e+02,6.916210174560546875e+01,-2.509434967041015625e+02,9.993005799349927720e-01,2.142234164002218555e-02,-2.308563333576077806e-02,-2.016154145227472966e-02
51384818227,-9.583169555664062500e+02,6.937880706787109375e+01,-2.529550933837890625e+02,9.992963915465739033e-01,2.147803624298149847e-02,-2.307922174066574447e-02,-2.031662681123230091e-02
