timestamp_s,x_m,y_m,z_m,pitch_deg,yaw_deg,roll_deg
0.000000000,0.000000000,0.000000000,0.000000000,0.000000,0.000000,0.000000
0.033333333,0.000025863,0.000007553,0.000016253,0.000000,0.000000,-0.000000
0.066666666,0.000057495,-0.000028240,0.000105247,0.000000,-0.000000,0.000000
0.100000000,0.000295352,0.000007040,0.000229979,0.000000,0.000000,-0.000000
0.133333333,0.000658984,0.000033726,0.000325456,0.000000,-0.000000,0.000000
0.166666666,0.001042523,0.000017987,0.000389945,0.000000,-0.000000,0.000000
0.200000000,0.001389389,-0.000073569,0.000525942,0.000000,-0.000000,0.000000
0.233333333,0.001780539,-0.000139584,0.000575564,0.000000,-0.000000,0.000000
0.266666666,0.002240892,-0.000197780,0.000484612,0.000000,-0.000000,0.000000
0.300000000,0.002695168,-0.000243830,0.000311605,0.000000,-0.000000,0.000000
0.333333333,0.003176757,-0.000315025,0.000014931,0.000000,-0.000000,0.000000
0.366666666,0.003641502,-0.000464481,-0.000273080,0.000000,-0.000000,0.000000
0.400000000,0.004163621,-0.000646322,-0.000683310,0.000000,-0.000000,0.000000
0.433333333,0.004685418,-0.000916283,-0.001155242,0.000000,-0.000000,0.000000
0.466666666,0.005182510,-0.001250993,-0.001661785,0.000000,-0.000000,0.000000
0.500000000,0.005745337,-0.001571167,-0.002347173,0.000000,-0.000000,0.000000
0.533333333,0.006374563,-0.001868432,-0.003262941,0.000000,-0.000000,0.000000
0.566666666,0.007004387,-0.002259128,-0.004236713,0.000000,-0.000000,0.000000
0.600000000,0.007610671,-0.002774769,-0.005126414,0.000000,-0.000000,0.000000
0.633333333,0.008237394,-0.003360987,-0.006132064,0.000000,-0.000000,0.000000
0.666666666,0.008863854,-0.003977649,-0.007286031,0.000000,-0.000000,0.000000
0.700000000,0.009523259,-0.004614173,-0.008606086,0.000000,-0.000000,0.000000
0.733333333,0.010226789,-0.005308061,-0.010020317,0.000000,-0.000000,0.000000
0.766666666,0.010973997,-0.006040077,-0.011559119,0.000000,-0.000000,0.000000
0.800000000,0.011768447,-0.006788228,-0.013334285,0.000000,-0.000000,0.000000
0.833333333,0.012592646,-0.007545017,-0.015319148,0.000000,-0.000000,0.000000
0.866666666,0.013463341,-0.008238614,-0.017516445,0.000000,-0.000000,0.000000
0.900000000,0.014348593,-0.008970819,-0.019797890,0.000000,-0.000000,0.000000
0.933333333,0.015251402,-0.009729949,-0.022258479,0.000000,-0.000000,0.000000
0.966666666,0.016122939,-0.010634220,-0.024819635,0.000000,-0.000000,0.000000
1.000000000,0.016989788,-0.011607776,-0.027517088,0.000000,-0.000000,0.000000
1.033333333,0.017885352,-0.012582513,-0.030363353,0.000000,-0.000000,0.000000
1.066666666,0.018764861,-0.013543916,-0.033291515,0.000000,-0.000000,0.000000
1.100000000,0.019611897,-0.014535790,-0.036262702,0.000000,-0.000001,0.000000
1.133333333,0.020505415,-0.015587259,-0.039359853,0.000000,-0.000001,0.000000
1.166666666,0.004893991,-0.014069607,-0.005182732,0.442628,0.034934,0.780048
1.200000000,0.001837237,-0.015609103,-0.004968784,0.114509,-0.028855,-0.121962
1.233333333,0.002622034,-0.021238267,-0.006490353,0.231636,-0.047722,-0.277699
1.266666666,0.003558215,-0.027235387,-0.008471685,0.338667,-0.046521,-0.494779
1.300000000,0.002549777,-0.033580188,-0.010001309,0.253936,-0.063981,-0.595759
1.333333333,0.001202833,-0.040948432,-0.011791723,0.187623,-0.064517,-0.569789
1.366666666,0.000910886,-0.048142020,-0.013876638,0.225289,-0.054706,-0.645100
1.400000000,0.000066596,-0.054198392,-0.015428312,0.224307,-0.035262,-0.721638
1.433333333,-0.000072652,-0.056711767,-0.015861304,0.262735,-0.014732,-0.926608
1.466666666,0.000581746,-0.056113586,-0.014796089,0.335973,0.001980,-1.168574
1.500000000,0.001904142,-0.053267341,-0.012732088,0.421808,-0.008389,-1.432216
1.533333333,0.003641602,-0.051107500,-0.010988325,0.492641,-0.014034,-1.638493
1.566666666,0.004950124,-0.048946779,-0.009515827,0.522196,-0.016881,-1.831988
1.600000000,0.005810440,-0.049757250,-0.009303696,0.533531,-0.015646,-1.916184
1.633333333,0.006358733,-0.050063394,-0.008941287,0.539137,-0.015784,-1.998251
1.666666666,0.006546962,-0.049915403,-0.008938335,0.548504,-0.016714,-2.094720
1.700000000,0.006931720,-0.050107900,-0.009017294,0.564643,-0.018113,-2.135943
1.733333333,0.007778143,-0.050862014,-0.008545632,0.574225,-0.032055,-2.169877
1.766666666,0.007687665,-0.050996859,-0.009602049,0.570988,-0.034942,-2.219329
1.800000000,0.008202386,-0.051534902,-0.010112046,0.578862,-0.037470,-2.257354
1.833333333,0.008525906,-0.051718872,-0.010756990,0.586037,-0.041876,-2.277599
1.866666666,0.009099575,-0.052351832,-0.010398832,0.579777,-0.046473,-2.301012
1.900000000,0.009657386,-0.053109970,-0.009961049,0.578682,-0.049074,-2.347005
1.933333333,0.009475632,-0.053760357,-0.010368776,0.580361,-0.052000,-2.362310
1.966666666,0.008347438,-0.054082938,-0.012811375,0.563348,-0.056263,-2.282050
2.000000000,0.008491393,-0.055137116,-0.013944848,0.566656,-0.059415,-2.177333
2.033333333,0.009232031,-0.057360981,-0.015178390,0.574969,-0.062263,-2.126674
2.066666666,0.009686026,-0.059198797,-0.016892768,0.574288,-0.065682,-2.056690
2.100000000,0.009306345,-0.061424427,-0.019619860,0.550020,-0.069607,-1.997645
2.133333333,0.009900616,-0.065300375,-0.021876091,0.549688,-0.072970,-1.994753
2.166666666,0.010626873,-0.068924114,-0.023912407,0.556062,-0.075177,-1.993883
2.200000000,0.010124426,-0.072062701,-0.027492044,0.567958,-0.069288,-2.013941
2.233333333,0.010765271,-0.074744768,-0.029454065,0.589829,-0.070486,-2.076318
2.266666666,0.011374520,-0.075953074,-0.030987181,0.607448,-0.071588,-2.164635
2.300000000,0.010796470,-0.076597840,-0.033845138,0.605712,-0.074725,-2.255798
2.333333333,0.010543309,-0.076283991,-0.035589695,0.610662,-0.076545,-2.363883
2.366666666,0.011066400,-0.076742008,-0.037118159,0.625533,-0.078069,-2.435479
2.400000000,0.011913821,-0.077719212,-0.038734287,0.656879,-0.080086,-2.558383
2.433333333,0.011913993,-0.078728512,-0.042473745,0.674569,-0.070603,-2.606688
2.466666666,0.012477802,-0.079070002,-0.044148229,0.681410,-0.074337,-2.647490
2.500000000,0.013166455,-0.079449065,-0.045765597,0.692655,-0.077978,-2.682509
2.533333333,0.014512320,-0.080116816,-0.046859276,0.707116,-0.082106,-2.723486
2.566666666,0.016340362,-0.081012323,-0.047778167,0.728272,-0.086216,-2.774628
2.600000000,0.017626179,-0.081081584,-0.049261183,0.744013,-0.088968,-2.809258
2.633333333,0.020792767,-0.082093887,-0.049672365,0.776251,-0.093402,-2.876522
2.666666666,0.020503614,-0.080046810,-0.053378057,0.794328,-0.087612,-2.950519
2.700000000,0.021935606,-0.078351244,-0.055158112,0.813124,-0.089323,-3.007991
2.733333333,0.023497196,-0.076220147,-0.057038315,0.831919,-0.091052,-3.065463
2.766666666,0.025237288,-0.073625669,-0.058980972,0.850712,-0.092801,-3.122937
2.800000000,0.027132384,-0.070530325,-0.060971614,0.869503,-0.094569,-3.180410
2.833333333,0.029228201,-0.066912480,-0.063115798,0.888292,-0.096355,-3.237886
2.866666666,0.031447798,-0.062813073,-0.065380692,0.907080,-0.098160,-3.295361
2.900000000,0.033832699,-0.058150284,-0.067837469,0.925865,-0.099995,-3.352828
2.933333333,0.036463585,-0.052944664,-0.070534289,0.944649,-0.101838,-3.410305
2.966666666,0.039224375,-0.047338735,-0.073178135,0.963431,-0.103700,-3.467783
3.000000000,0.042249940,-0.041099664,-0.075928360,0.982210,-0.105580,-3.525262
3.033333333,0.045537155,-0.034303073,-0.078754723,1.000988,-0.107480,-3.582742
3.066666666,0.049113613,-0.026942953,-0.081543073,1.019765,-0.109398,-3.640223
3.100000000,0.053205848,-0.018928176,-0.084101520,1.038540,-0.111336,-3.697705
3.133333333,0.057558570,-0.010423834,-0.086426303,1.057313,-0.113292,-3.755188
3.166666666,0.061817162,-0.001422165,-0.088721491,1.076085,-0.115267,-3.812672
3.200000000,0.065783024,0.008069752,-0.090916835,1.094854,-0.117261,-3.870157
3.233333333,0.069223911,0.018224714,-0.092931010,1.113622,-0.119274,-3.927643
3.266666666,0.076671213,0.036216229,-0.099084087,1.014377,-0.188336,-5.319824
3.300000000,0.086259499,0.056244571,-0.104265727,1.058611,-0.185484,-5.509073
3.333333333,0.093249917,0.075566597,-0.109499112,1.038691,-0.224124,-5.542836
3.366666666,0.096965425,0.092193082,-0.114715487,1.074640,-0.229035,-5.348377
3.400000000,0.099545293,0.109019317,-0.120649666,1.074516,-0.241367,-5.398591
3.433333333,0.101002492,0.126076356,-0.127502248,1.054228,-0.256126,-5.457727
3.466666666,0.100809261,0.144053280,-0.135167286,1.007372,-0.278611,-5.507786
3.500000000,0.096295781,0.161266223,-0.148212075,0.893331,-0.304252,-5.526012
3.533333333,0.085663125,0.176554576,-0.164210707,0.704356,-0.353053,-5.512361
3.566666666,0.072680235,0.190901682,-0.179451019,0.612805,-0.377693,-5.443182
3.600000000,0.061131913,0.206294835,-0.192654654,0.608779,-0.371013,-5.227441
3.633333333,0.053781502,0.226155698,-0.200215206,0.622238,-0.366877,-5.249218
3.666666666,0.049966179,0.249127850,-0.202736393,0.634136,-0.371095,-5.322181
3.700000000,0.045227688,0.273112744,-0.202540919,0.646029,-0.375327,-5.395147
3.733333333,0.022994664,0.280767888,-0.227663487,0.144233,-0.527466,-4.918050
3.766666666,0.000472021,0.279323697,-0.258348346,-0.030539,-0.615534,-4.299505
3.800000000,-0.014399996,0.281856686,-0.287945688,0.045601,-0.623074,-4.014286
3.833333333,-0.022806931,0.281214774,-0.323193491,0.089222,-0.660928,-3.375692
3.866666666,-0.019568751,0.264283985,-0.372973472,0.521741,-0.598567,-2.594046
3.900000000,-0.009073633,0.157586008,-0.451868355,1.241606,-0.271699,-0.359576
3.933333333,0.019559376,0.085856080,-0.502710521,1.683040,-0.147355,0.488675
3.966666666,0.035269715,-0.061179839,-0.300101548,1.730656,-0.176717,1.695961
4.000000000,0.021266842,-0.070635267,-0.211119801,1.683872,-0.168323,1.663779
4.033333333,0.018449932,-0.069807112,-0.191925213,1.737130,-0.126038,1.542219
4.066666666,0.020799750,-0.067025989,-0.183067888,1.820444,-0.158732,1.471079
4.100000000,0.022584174,-0.065552615,-0.176570579,1.944801,-0.158030,1.412901
4.133333333,0.024749920,-0.065076485,-0.172204062,2.082964,-0.191715,1.256132
4.166666666,0.025716372,-0.064580388,-0.174615249,2.217189,-0.218378,1.143102
4.200000000,0.026427321,-0.063484102,-0.179301530,2.376863,-0.207961,1.129915
4.233333333,0.027296498,-0.063178472,-0.186957657,2.510804,-0.188420,1.037426
4.266666666,0.029685404,-0.063017324,-0.201745838,2.572199,-0.232804,0.833507
4.300000000,0.031955000,-0.061887559,-0.213790268,2.613532,-0.274684,0.655230
4.333333333,0.034593374,-0.061072070,-0.230338544,2.588763,-0.268335,0.503072
4.366666666,0.036325201,-0.060005900,-0.242940292,2.645593,-0.255876,0.424621
4.400000000,0.036657304,-0.059410404,-0.250838071,2.709149,-0.224053,0.367164
4.433333333,0.036919221,-0.058776449,-0.256785482,2.771283,-0.173782,0.316642
4.466666666,0.038834296,-0.057064019,-0.267538160,2.864608,-0.174503,0.223387
4.500000000,0.041723307,-0.055889811,-0.288919806,2.837492,-0.126752,0.015718
4.533333333,0.044640969,-0.054666325,-0.312916279,2.784193,-0.089175,-0.300052
4.566666666,0.044316053,-0.053810533,-0.319773436,2.855958,-0.093963,-0.352717
4.600000000,0.045421965,-0.053401019,-0.332534790,2.821230,-0.076613,-0.534904
4.633333333,0.046820320,-0.052737743,-0.345278263,2.788004,-0.060071,-0.733861
4.666666666,0.048384942,-0.052190315,-0.356841952,2.753750,-0.032189,-0.920582
4.700000000,0.050059751,-0.051981922,-0.366509438,2.740873,-0.005350,-1.117384
4.733333333,0.051459927,-0.051419396,-0.374193013,2.789149,0.036125,-1.288321
4.766666666,0.055232830,-0.051166788,-0.384650737,2.649318,0.073566,-1.733920
4.800000000,0.057716671,-0.050736059,-0.392693818,2.598870,0.102499,-1.877607
4.833333333,0.059530899,-0.050435737,-0.399594575,2.517272,0.141014,-2.043415
4.866666666,0.059334103,-0.049131401,-0.405404031,2.558398,0.132845,-2.089310
4.900000000,0.060456075,-0.048558068,-0.413467139,2.561858,0.139873,-2.182129
4.933333333,0.061416388,-0.047526158,-0.422287196,2.566034,0.146927,-2.309753
4.966666666,0.064031951,-0.045038283,-0.436380327,2.397850,0.179680,-2.674036
5.000000000,0.067864545,-0.043987758,-0.451993138,2.206263,0.261835,-2.987041
5.033333333,0.069112226,-0.042160794,-0.464611083,2.243712,0.297672,-3.119353
5.066666666,0.071267627,-0.040135778,-0.478577167,2.206329,0.341282,-3.362084
5.100000000,0.073244609,-0.037774619,-0.495131880,2.167912,0.377886,-3.570866
5.133333333,0.077581771,-0.037624616,-0.513352394,2.008666,0.423325,-3.908583
5.166666666,0.080323339,-0.035110261,-0.535823464,1.932728,0.462553,-4.262733
5.200000000,0.083977669,-0.032301940,-0.562134385,1.782198,0.474262,-4.720010
5.233333333,0.088726856,-0.025429633,-0.605260611,1.723971,0.433231,-5.073774
5.266666666,0.090994626,-0.020350428,-0.638221562,1.674002,0.440931,-5.403591
5.300000000,0.093189254,-0.015054923,-0.672326207,1.699244,0.452494,-5.723834
5.333333333,0.095687076,-0.009925884,-0.708008111,1.745562,0.461707,-6.002792
5.366666666,0.104377121,-0.007415814,-0.761291444,1.726641,0.447045,-6.583826
5.400000000,0.108002372,-0.004767117,-0.802839577,1.747105,0.454328,-7.006097
5.433333333,0.108636051,0.000372285,-0.847811162,1.819049,0.452044,-7.181672
5.466666666,0.110200815,0.004509591,-0.894553542,2.035529,0.470404,-7.462345
5.500000000,0.109550841,0.009984811,-0.943929076,2.269956,0.491798,-7.585646
5.533333333,0.107870184,0.015269966,-0.995212793,2.510877,0.505927,-7.689858
5.566666666,0.108039089,0.016458036,-1.044509768,2.599746,0.519663,-7.914663
5.600000000,0.110154063,0.022133498,-1.106232524,2.840796,0.570736,-7.831391
5.633333333,0.105949037,0.023753550,-1.155427694,3.002071,0.581378,-8.067966
5.666666666,0.102776781,0.026541363,-1.210177302,3.122802,0.580654,-8.437822
5.700000000,0.100188918,0.030527698,-1.273871779,3.390078,0.606930,-8.563500
5.733333333,0.096834287,0.032574695,-1.329942107,3.644950,0.626848,-8.854841
5.766666666,0.091997392,0.031945057,-1.382388830,3.916924,0.642406,-9.346919
5.800000000,0.086502470,0.032355312,-1.439205170,4.173709,0.647364,-9.787475
5.833333333,0.083723456,0.024813751,-1.457659841,4.964006,0.499396,-9.883822
5.866666666,0.071572796,0.012748456,-1.487294436,5.410291,0.444950,-10.380039
5.900000000,0.055077095,0.004884722,-1.545791507,5.596545,0.392707,-10.835315
5.933333333,0.029199310,-0.010175359,-1.613023400,5.869016,0.349153,-11.283912
5.966666666,-0.002741265,-0.026811324,-1.668123841,6.240106,0.249466,-11.813717
6.000000000,-0.039375033,-0.040674672,-1.723640800,6.514952,0.131846,-12.302635
6.033333333,-0.077414118,-0.053578783,-1.773654699,6.815937,0.032051,-12.649666
6.066666666,-0.117106266,-0.068257734,-1.825934052,7.232661,-0.232129,-12.714238
6.100000000,-0.155121520,-0.066566780,-1.895263791,7.298414,-0.292976,-12.496845
6.133333333,-0.191653728,-0.051032867,-1.984007239,7.182115,-0.293012,-11.956504
6.166666666,-0.236977786,-0.057215124,-2.047838688,7.180873,-0.365701,-11.846774
6.200000000,-0.293342859,-0.072124444,-2.097856283,7.430044,-0.341581,-12.022339
6.233333333,-0.349050969,-0.085284092,-2.149750948,7.687315,-0.327315,-12.281963
6.266666666,-0.408951342,-0.101531841,-2.210955143,8.025519,-0.371270,-12.496839
6.300000000,-0.468859941,-0.115302674,-2.274851322,8.222680,-0.392974,-12.628791
6.333333333,-0.527755916,-0.122513302,-2.347495556,8.307189,-0.405772,-12.637368
6.366666666,-0.590165377,-0.129413545,-2.421608686,8.392525,-0.418644,-12.645840
6.400000000,-0.656151116,-0.136436924,-2.497277737,8.477857,-0.431530,-12.654333
6.433333333,-0.725890458,-0.144172147,-2.575229406,8.563188,-0.444433,-12.662847
6.466666666,-0.798841000,-0.152164251,-2.655198812,8.648517,-0.457351,-12.671382
6.500000000,-0.874713600,-0.160766080,-2.737579346,8.733845,-0.470285,-12.679939
6.533333333,-0.953559399,-0.169638723,-2.822133064,8.819170,-0.483235,-12.688517
6.566666666,-1.035387039,-0.179316491,-2.909401655,8.904494,-0.496201,-12.697117
6.600000000,-1.120503306,-0.189677075,-2.998948812,8.989817,-0.509183,-12.705738
6.633333333,-1.208730221,-0.200165197,-3.090662718,9.075136,-0.522181,-12.714381
6.666666666,-1.299537301,-0.210835010,-3.184646845,9.160453,-0.535195,-12.723046
6.700000000,-1.393368363,-0.222234502,-3.280560732,9.245768,-0.548225,-12.731732
6.733333333,-1.490264297,-0.233382076,-3.377413273,9.331081,-0.561271,-12.740441
6.766666666,-1.594083786,-0.247680575,-3.466320515,9.449005,-0.606530,-12.979293
6.800000000,-1.697137952,-0.258806497,-3.565716267,9.534395,-0.620012,-12.988760
6.833333333,-1.803406835,-0.270618379,-3.667317152,9.619511,-0.633426,-12.998085
6.866666666,-1.913240910,-0.282457173,-3.770079851,9.704624,-0.646858,-13.007433
6.900000000,-2.026444197,-0.294268459,-3.873934031,9.789736,-0.660308,-13.016803
6.933333333,-2.143178463,-0.305838734,-3.978217602,9.874844,-0.673775,-13.026196
6.966666666,-2.263155699,-0.317234904,-4.084255695,9.959952,-0.687259,-13.035612
7.000000000,-2.393866539,-0.346588790,-4.183216572,10.107535,-0.755129,-12.907218
7.033333333,-2.521490335,-0.352161884,-4.279571533,10.216793,-0.764072,-13.369459
7.066666666,-2.650921106,-0.364104241,-4.389008522,10.356309,-0.790060,-13.274795
7.100000000,-2.783913374,-0.374984503,-4.499376297,10.441397,-0.804072,-13.284243
7.133333333,-2.919580936,-0.385661870,-4.610808849,10.535477,-0.812512,-13.259147
7.166666666,-3.058114052,-0.396255523,-4.723673344,10.623022,-0.829625,-13.246655
7.200000000,-3.199653625,-0.406894833,-4.837855339,10.708618,-0.853893,-13.244295
7.233333333,-3.343897343,-0.417908609,-4.953422546,10.800406,-0.895881,-13.269509
7.266666666,-3.490950108,-0.428996086,-5.071365356,10.885322,-0.946814,-13.331585
7.300000000,-3.641099215,-0.439751625,-5.191061974,10.967890,-0.982489,-13.377947
7.333333333,-3.794094563,-0.450793922,-5.314273357,11.051969,-1.021497,-13.393335
7.366666666,-3.949875593,-0.462225825,-5.439665794,11.146552,-0.976329,-13.228386
7.400000000,-4.108972549,-0.474888742,-5.565798759,11.251177,-0.842462,-12.946618
7.433333333,-4.271189690,-0.489469856,-5.694426537,11.360968,-0.573570,-12.651226
7.466666666,-4.439669132,-0.490254253,-5.817140579,10.819423,-0.100075,-14.037749
7.500000000,-4.604475498,-0.475853890,-5.883025169,10.666771,-0.244498,-15.281779
7.533333333,-4.770009041,-0.462844342,-5.964952946,11.105220,-0.128230,-15.327566
7.566666666,-4.944055080,-0.468851715,-6.092854500,11.218688,-0.070945,-15.093900
7.600000000,-5.120981693,-0.477302462,-6.220792770,11.383378,-0.044922,-14.505240
7.633333333,-5.300308228,-0.486249626,-6.350639820,11.543520,-0.096672,-14.007780
7.666666666,-5.482195377,-0.496167213,-6.482631207,11.668106,-0.112137,-13.532249
7.700000000,-5.666190147,-0.507185102,-6.616663456,11.923331,-0.156379,-13.003477
7.733333333,-5.853467941,-0.517956495,-6.750684261,12.029313,-0.181014,-12.590382
7.766666666,-6.043566227,-0.528462231,-6.886026382,12.191446,-0.253974,-12.326515
7.800000000,-6.236503124,-0.537180543,-7.021033764,12.276782,-0.261906,-12.324802
7.833333333,-6.431996346,-0.546201587,-7.156568050,12.362119,-0.269837,-12.323100
7.866666666,-6.629865170,-0.554860950,-7.293114185,12.447455,-0.277767,-12.321407
7.900000000,-6.830330372,-0.563274264,-7.430702209,12.532793,-0.285698,-12.319728
7.933333333,-7.033273697,-0.570783079,-7.568779469,12.618131,-0.293629,-12.318062
7.966666666,-7.238417149,-0.577570021,-7.707903862,12.703469,-0.301559,-12.316406
8.000000000,-7.445839405,-0.583963990,-7.847759247,12.788808,-0.309490,-12.314762
8.033333333,-7.655656815,-0.590006888,-7.989286900,12.874147,-0.317420,-12.313129
8.066666666,-7.868062019,-0.595534146,-8.132589340,12.959487,-0.325351,-12.311510
8.100000000,-8.082883835,-0.600119054,-8.277871132,13.044825,-0.333281,-12.309899
8.133333333,-8.299964905,-0.603463292,-8.424716949,13.130165,-0.341211,-12.308301
8.166666666,-8.519786835,-0.605281830,-8.573413849,13.215506,-0.349142,-12.306717
8.200000000,-8.742138863,-0.605078161,-8.723997116,13.300846,-0.357072,-12.305144
8.233333333,-8.966432571,-0.602465034,-8.876720428,13.386187,-0.365002,-12.303581
8.266666666,-9.192702293,-0.597151816,-9.031247139,13.471528,-0.372932,-12.302031
8.300000000,-9.420881271,-0.588832378,-9.187426567,13.556870,-0.380861,-12.300493
8.333333333,-9.650698662,-0.576713920,-9.345667839,13.642212,-0.388790,-12.298967
8.366666666,-9.881189346,-0.561254501,-9.507906914,13.727554,-0.396719,-12.297452
8.400000000,-10.111745834,-0.541530609,-9.671366692,13.812896,-0.404648,-12.295950
8.433333333,-10.342478752,-0.516957343,-9.835492134,13.898239,-0.412577,-12.294460
8.466666666,-10.572340965,-0.487396210,-10.002094269,13.983583,-0.420507,-12.292981
8.500000000,-10.800718307,-0.452995777,-10.170742989,14.068925,-0.428436,-12.291514
8.533333333,-11.026612282,-0.413713485,-10.341557503,14.154269,-0.436367,-12.290058
8.566666666,-11.249352455,-0.369368255,-10.514229774,14.239613,-0.444298,-12.288616
8.600000000,-11.468742371,-0.320181698,-10.687692642,14.324958,-0.452230,-12.287183
8.633333333,-11.683855057,-0.265910953,-10.861450195,14.410302,-0.460162,-12.285762
8.666666666,-11.893236160,-0.207620427,-11.034959793,14.495646,-0.468096,-12.284353
8.700000000,-12.096436501,-0.145692214,-11.208945274,14.580992,-0.476030,-12.282956
8.733333333,-12.292509079,-0.081162013,-11.383420944,14.666337,-0.483966,-12.281570
8.766666666,-12.481161118,-0.014438332,-11.558732986,14.751680,-0.491905,-12.280196
8.800000000,-12.662847519,0.053443961,-11.735245705,14.837025,-0.499845,-12.278832
8.833333333,-12.836091995,0.122238129,-11.914410591,14.922370,-0.507787,-12.277481
8.866666666,-13.001808167,0.191001594,-12.095324516,15.007716,-0.515731,-12.276140
8.900000000,-13.159629822,0.260487586,-12.276615143,15.093061,-0.523677,-12.274810
8.933333333,-13.309741974,0.330365926,-12.458002090,15.178407,-0.531625,-12.273491
8.966666666,-13.452238083,0.401109189,-12.638449669,15.263754,-0.539574,-12.272185
9.000000000,-13.586802483,0.472482294,-12.816644669,15.349097,-0.547525,-12.270891
9.033333333,-13.713472366,0.545591176,-12.992945671,15.434440,-0.555478,-12.269607
9.066666666,-13.832383156,0.620014787,-13.165884018,15.519785,-0.563433,-12.268335
9.100000000,-13.928461075,0.663949430,-13.347074509,17.973478,-3.031311,-8.688541
9.133333333,-14.013632774,0.704984128,-13.525576591,19.519183,-3.337678,-6.934663
9.166666666,-14.089388847,0.746645749,-13.703299522,20.645346,-2.842560,-5.749605
9.200000000,-14.155201912,0.785907030,-13.884402275,22.080856,-1.788822,-4.022615
9.233333333,-14.215568542,0.827004075,-14.065382004,23.000197,-0.842345,-2.928359
9.266666666,-14.269830704,0.868342817,-14.248339653,23.737421,0.038195,-1.844174
9.300000000,-14.319903374,0.910868108,-14.431779861,24.229915,0.858534,-1.006228
9.333333333,-14.368982315,0.953730226,-14.615313530,24.371156,1.638249,-0.172406
9.366666666,-14.416218758,0.997938395,-14.798275948,24.385955,1.988608,0.118287
9.400000000,-14.461170197,1.041797638,-14.984132767,24.338533,2.700859,0.834128
9.433333333,-14.506541252,1.084637642,-15.171885490,24.136036,3.209783,1.465683
9.466666666,-14.551442146,1.126531124,-15.361262321,23.925111,3.637314,2.000530
9.500000000,-14.594759941,1.169524312,-15.551750183,23.804683,4.023115,2.373930
9.533333333,-14.636874199,1.212777734,-15.740886688,23.666151,4.389518,2.718414
9.566666666,-14.680256844,1.254004002,-15.933243752,23.295230,4.718147,3.107050
9.600000000,-14.723113060,1.296139002,-16.125421524,22.997768,4.944931,3.330622
9.633333333,-14.764549255,1.339342356,-16.316982269,22.830933,5.116941,3.469824
9.666666666,-14.805207253,1.381355405,-16.510452271,22.699600,5.231238,3.740518
9.700000000,-14.844474792,1.423534870,-16.708635330,22.698651,5.421510,3.955661
9.733333333,-14.883204460,1.465508699,-16.910066605,22.657653,5.546370,4.085231
9.766666666,-14.921375275,1.507124305,-17.113929749,22.619853,5.627293,4.221932
9.800000000,-14.959456444,1.546834707,-17.320209503,22.574768,5.738903,4.386585
9.833333333,-14.997048378,1.586350918,-17.527240753,22.603310,5.851132,4.492554
9.866666666,-15.033923149,1.625737548,-17.736015320,22.630894,5.935790,4.576674
9.900000000,-15.070142746,1.664777875,-17.944963455,22.602783,5.974737,4.663050
9.933333333,-15.106315613,1.702945113,-18.157392502,22.592419,6.044349,4.725516
9.966666666,-15.142465591,1.740527868,-18.373012543,22.592967,6.117693,4.775225
10.000000000,-15.178495407,1.777455330,-18.591077805,22.608032,6.181697,4.810456
10.033333333,-15.215156555,1.813902140,-18.810941696,22.590818,6.247712,4.842476
10.066666666,-15.252119064,1.849091053,-19.032432556,22.575154,6.342267,4.919403
10.100000000,-15.288779259,1.883298278,-19.254400253,22.572504,6.465390,5.001180
10.133333333,-15.336686134,1.918672562,-19.499366760,22.507005,6.805134,5.203810
10.166666666,-15.382686615,1.953339458,-19.739009857,22.475227,6.899082,5.230099
10.200000000,-15.428465843,1.986854076,-19.976251602,22.442631,7.041956,5.303482
10.233333333,-15.472384453,2.018792629,-20.210924149,22.457438,7.155238,5.362341
10.266666666,-15.519760132,2.051610708,-20.446935654,22.361886,7.271331,5.429388
10.300000000,-15.565302849,2.082447052,-20.677373886,22.367825,7.408157,5.541961
10.333333333,-15.607278824,2.111279726,-20.900836945,22.421478,7.468780,5.575257
10.366666666,-15.648763657,2.139023066,-21.119651794,22.373552,7.560486,5.629907
10.400000000,-15.689958572,2.165780544,-21.337940216,22.364613,7.650723,5.652434
10.433333333,-15.730993271,2.192152977,-21.553487778,22.387278,7.710044,5.659434
10.466666666,-15.771764755,2.218635559,-21.766910553,22.420844,7.758668,5.666301
10.500000000,-15.812705040,2.245894194,-21.979772568,22.468858,7.724464,5.577841
10.533333333,-15.855862617,2.273285627,-22.196186066,22.486741,7.822393,5.639038
10.566666666,-15.895627022,2.299025774,-22.404714584,22.549007,7.890635,5.676966
10.600000000,-15.936362267,2.324833870,-22.613672256,22.533200,8.015524,5.718233
10.633333333,-15.978053093,2.349590778,-22.822093964,22.489917,8.107321,5.743663
10.666666666,-16.023426056,2.374222517,-23.035837173,22.457747,8.220594,5.793168
10.700000000,-16.072360992,2.399116755,-23.254693985,22.473185,8.321147,5.849903
10.733333333,-16.112949371,2.419795275,-23.451997757,22.483865,8.341641,5.878086
10.766666666,-16.153959274,2.439125538,-23.649150848,22.562949,8.345817,5.907151
10.800000000,-16.195251465,2.458189726,-23.845390320,22.604596,8.357362,5.914866
10.833333333,-16.236354828,2.476201057,-24.037689209,22.681887,8.459277,5.978264
10.866666666,-16.278980255,2.493995667,-24.230052948,22.625965,8.556831,6.013271
10.900000000,-16.322483063,2.509859800,-24.419727325,22.565419,8.709103,6.095005
10.933333333,-16.367174149,2.524604559,-24.608118057,22.542888,8.902203,6.208176
10.966666666,-16.414642334,2.538882017,-24.796714783,22.453315,9.215972,6.335594
11.000000000,-16.464920044,2.553783655,-24.987014771,22.447869,9.388805,6.430967
11.033333333,-16.515398026,2.567204714,-25.175065994,22.478780,9.510393,6.523360
11.066666666,-16.566444397,2.578157902,-25.356786728,22.353813,9.636992,6.557485
11.100000000,-16.619871140,2.589740753,-25.540586472,22.361058,9.829895,6.644350
11.133333333,-16.674976349,2.601479053,-25.726299286,22.420739,9.989242,6.714566
11.166666666,-16.730852127,2.612973928,-25.912347794,22.474066,10.118087,6.782161
11.200000000,-16.790014267,2.625556469,-26.099658966,22.426365,10.602466,6.987020
11.233333333,-16.850294113,2.638740778,-26.289733887,22.497866,10.769030,7.077070
11.266666666,-16.910705566,2.650164127,-26.479496002,22.556117,10.875235,7.157268
11.300000000,-16.968450546,2.658150196,-26.664356232,22.665232,10.928874,7.230693
11.333333333,-17.029289246,2.666602135,-26.856575012,22.769528,10.965401,7.322458
11.366666666,-17.099054337,2.678523064,-27.066690445,22.847529,11.055122,7.443578
11.400000000,-17.164171219,2.686708450,-27.264411926,22.874423,11.265230,7.580953
11.433333333,-17.385869980,2.795023441,-27.750778198,22.739266,12.334652,8.312156
11.466666666,-17.599567413,2.903633356,-28.236476898,22.662464,12.925601,8.672779
11.500000000,-17.803735733,3.021595001,-28.685976028,22.573373,13.494665,9.053781
11.533333333,-17.983695984,3.125048876,-29.088363647,22.475537,13.881368,9.305784
11.566666666,-18.171106339,3.244778633,-29.504737854,22.412114,14.207935,9.586351
11.600000000,-18.355737686,3.371623993,-29.909374237,22.380710,14.537299,9.887305
11.633333333,-18.533685684,3.501985073,-30.301813126,22.342301,14.841213,10.192734
11.666666666,-18.714483261,3.642991543,-30.674448013,22.193579,15.352613,10.675302
11.700000000,-18.890291214,3.777822971,-31.043863297,22.202692,15.558222,10.932725
11.733333333,-19.060705185,3.914973974,-31.410327911,22.244444,15.708660,11.142205
11.766666666,-19.214313507,4.029951096,-31.744899750,22.280478,15.825039,11.323213
11.800000000,-19.377262115,4.157026291,-32.093296051,22.352957,15.950300,11.558372
11.833333333,-19.540264130,4.290449142,-32.441520691,22.386801,16.096272,11.807307
11.866666666,-19.699020386,4.420056343,-32.794277191,22.435223,16.228547,12.054185
11.900000000,-19.850843430,4.541557312,-33.153327942,22.723420,16.188682,12.222344
11.933333333,-20.002388000,4.659003258,-33.511940002,22.798027,16.240854,12.401339
11.966666666,-20.141073227,4.754726887,-33.843849182,22.884675,16.337835,12.591486
12.000000000,-20.245941162,4.776852131,-34.088516235,23.020712,16.327109,12.601850
12.033333333,-20.390956879,4.881421089,-34.439308167,23.063596,16.440008,12.780671
12.066666666,-20.536884308,4.985829353,-34.789249420,23.111949,16.544763,12.950801
12.100000000,-20.680797577,5.085550785,-35.140975952,23.150738,16.666335,13.126570
12.133333333,-20.817626953,5.175193787,-35.502048492,23.511135,16.657110,13.269229
12.166666666,-20.955404282,5.264605999,-35.860942841,23.446383,16.772322,13.409314
12.200000000,-21.064844131,5.284446716,-36.118251801,23.464875,16.858184,13.422921
12.233333333,-21.197771072,5.361791611,-36.463321686,23.578956,16.809825,13.463017
12.266666666,-21.333673477,5.444760323,-36.820560455,23.677321,16.838259,13.561971
12.300000000,-21.468109131,5.527121544,-37.182140350,23.754687,16.834379,13.639903
12.333333333,-21.600387573,5.605958939,-37.534950256,23.854360,16.816753,13.741272
12.366666666,-21.723531723,5.675111771,-37.886234283,24.301504,16.313370,13.573511
12.400000000,-21.844264984,5.740155697,-38.234157562,24.377011,16.220830,13.583012
12.433333333,-21.966579437,5.804179192,-38.581146240,24.384168,16.230156,13.662845
12.466666666,-22.085435867,5.858923912,-38.912071228,24.498432,16.086337,13.650347
12.500000000,-22.205345154,5.916929245,-39.250308990,24.573489,16.048730,13.695530
12.533333333,-22.325281143,5.976667881,-39.594459534,24.637102,16.048658,13.746630
12.566666666,-22.445554733,6.035283089,-39.937595367,24.677157,16.113233,13.835342
12.600000000,-22.565124512,6.091181755,-40.280658722,24.747920,16.080594,13.877111
12.633333333,-22.685241699,6.148205280,-40.622131348,24.772123,16.168455,13.963080
12.666666666,-22.806234360,6.203477383,-40.963859558,24.795426,16.236232,14.042211
12.700000000,-22.924377441,6.217502594,-41.240371704,24.879511,16.253225,14.061651
12.733333333,-23.043764114,6.232731342,-41.520446777,24.965336,16.262308,14.076922
12.766666666,-23.164175034,6.253526211,-41.811473846,25.030619,16.283593,14.102829
12.800000000,-23.285919189,6.304189682,-42.156425476,25.077046,16.322108,14.157648
12.833333333,-23.407339096,6.318460941,-42.437068939,25.231311,16.170863,14.097762
12.866666666,-23.528564453,6.345907688,-42.742904663,25.346763,16.079813,14.068165
12.900000000,-23.649585724,6.393920422,-43.090797424,25.367649,16.193643,14.166105
12.933333333,-23.773738861,6.409953117,-43.380691528,25.487536,16.137839,14.156872
12.966666666,-23.898164749,6.426504612,-43.672569275,25.608791,16.105354,14.145681
13.000000000,-24.023136139,6.444624901,-43.968067169,25.719478,16.084125,14.121693
13.033333333,-24.142864227,6.489705086,-44.318748474,25.779275,16.082101,14.127710
13.066666666,-24.253597260,6.530711174,-44.669624329,26.089677,15.544745,13.840233
13.100000000,-24.367279053,6.571550846,-45.020404816,26.057304,15.623689,13.900947
13.133333333,-24.481645584,6.613477707,-45.373203278,26.082368,15.673385,13.937175
13.166666666,-24.593034744,6.649814129,-45.717689514,26.295528,15.434358,13.802521
13.200000000,-24.714237213,6.675593853,-46.032627106,26.388426,15.353296,13.729520
13.233333333,-24.820804596,6.714696884,-46.385578156,26.451022,15.329387,13.754555
13.266666666,-24.927053452,6.752663612,-46.739944458,26.532131,15.277889,13.737393
13.300000000,-25.046495438,6.781663895,-47.058986664,26.691740,14.819114,13.355563
13.333333333,-25.145008087,6.821420193,-47.413452148,26.813045,14.703918,13.291463
13.366666666,-25.244421005,6.859109402,-47.766597748,26.861411,14.765916,13.378753
13.400000000,-25.342451096,6.894354343,-48.115909576,27.093522,14.577983,13.264081
13.433333333,-25.432888031,6.928808212,-48.468215942,27.301522,14.424613,13.164815
13.466666666,-25.518939972,6.963154316,-48.821220398,27.478649,14.302110,13.076389
13.500000000,-25.602109909,6.997541904,-49.172306061,27.591419,14.219346,13.009412
13.533333333,-25.664489746,7.039726734,-49.499065399,28.288729,13.408855,12.193193
13.566666666,-25.728849411,7.082734585,-49.823963165,28.308414,13.386776,12.136397
13.600000000,-25.791687012,7.126777172,-50.147747040,28.380928,13.301990,12.052434
13.633333333,-25.864145279,7.172740459,-50.470108032,28.388738,13.252024,11.930140
13.666666666,-25.929483414,7.221539974,-50.793682098,28.380342,13.176880,11.792581
13.700000000,-25.995868683,7.272079945,-51.117172241,28.375706,13.151127,11.716771
13.733333333,-26.063985825,7.324123383,-51.441082001,28.381310,13.125599,11.636622
13.766666666,-26.181194305,7.372609138,-51.760375977,28.387528,13.068133,11.491470
13.800000000,-26.297952652,7.421770573,-52.080436707,28.520542,13.044596,11.457604
13.833333333,-26.415384293,7.470816612,-52.401733398,28.582272,13.061628,11.481068
13.866666666,-26.530984879,7.521763325,-52.723598480,28.642255,12.994409,11.389275
13.900000000,-26.644762039,7.573169231,-53.045536041,28.722214,12.924897,11.346323
13.933333333,-26.742856979,7.627178192,-53.367389679,28.777214,12.924036,11.330145
13.966666666,-26.812215805,7.685153008,-53.688716888,28.825456,12.921864,11.308298
14.000000000,-26.881439209,7.745393276,-54.008605957,28.874782,12.865917,11.154517
14.033333333,-26.954591751,7.805160046,-54.329483032,28.919963,12.878761,11.145109
14.066666666,-27.028097153,7.863752842,-54.651878357,28.954446,12.916220,11.193692
14.100000000,-27.107923508,7.920855999,-54.976379395,28.983896,12.941533,11.201761
14.133333333,-27.184881210,7.978495598,-55.301761627,29.020153,12.945234,11.196214
14.166666666,-27.282640457,8.033239365,-55.630931854,29.077184,12.894070,11.149198
14.200000000,-27.398740768,8.085558891,-55.962619781,29.142047,12.834079,11.090823
14.233333333,-27.476926804,8.145887375,-56.292228699,29.110982,12.809546,10.955913
14.266666666,-27.563886642,8.205606461,-56.623359680,29.159006,12.766702,10.936596
14.300000000,-27.645074844,8.266208649,-56.955764771,29.159636,12.764877,10.913877
14.333333333,-27.736364365,8.326954842,-57.291366577,29.105576,12.809987,10.874759
14.366666666,-27.825578690,8.388117790,-57.630062103,29.040792,12.819120,10.843346
14.400000000,-27.916694641,8.448660851,-57.973384857,28.949555,12.840507,10.816495
14.433333333,-28.012197495,8.508460999,-58.321022034,28.866018,12.895421,10.849923
14.466666666,-28.129800797,8.561718941,-58.665260315,28.482848,12.998745,10.974722
14.500000000,-28.253852844,8.614382744,-59.008510590,28.286171,13.098653,10.952415
14.533333333,-28.382846832,8.664499283,-59.349620819,28.328986,13.128752,10.945179
14.566666666,-28.514572144,8.711956024,-59.691036224,28.345940,13.199676,11.018900
14.600000000,-28.645015717,8.759646416,-60.034034729,28.446358,13.269373,11.020794
14.633333333,-28.775260925,8.806400299,-60.377616882,28.506717,13.319672,11.043803
14.666666666,-28.904937744,8.852375984,-60.721542358,28.573333,13.360297,11.066582
14.700000000,-29.033979416,8.897568703,-61.065853119,28.640920,13.396845,11.087973
14.733333333,-29.162534714,8.941843987,-61.410598755,28.709128,13.430549,11.108430
14.766666666,-29.290271759,8.985333443,-61.755214691,28.777332,13.464305,11.128947
14.800000000,-29.417089462,9.028041840,-62.099609375,28.844399,13.502461,11.151118
14.833333333,-29.542922974,9.069856644,-62.443649292,28.911538,13.540700,11.173318
14.866666666,-29.667884827,9.110559464,-62.786155701,28.978780,13.578610,11.195434
14.900000000,-29.792112350,9.150759697,-63.127746582,29.045231,13.620474,11.218957
14.933333333,-29.914926529,9.189861298,-63.468273163,29.113363,13.654535,11.239789
14.966666666,-30.036481857,9.227812767,-63.807109833,29.180650,13.691262,11.261671
15.000000000,-30.156665802,9.264278412,-64.144363403,29.248754,13.725432,11.282625
15.033333333,-30.275304794,9.298993111,-64.481140137,29.316077,13.761594,11.304456
15.066666666,-30.392465591,9.332194328,-64.816902161,29.384143,13.795906,11.325548
15.100000000,-30.508354187,9.364572525,-65.151817322,29.451183,13.832266,11.347586
15.133333333,-30.622785568,9.395832062,-65.486778259,29.517775,13.870640,11.370408
15.166666666,-30.723949432,9.434967995,-65.832695007,29.387456,13.826164,11.305997
15.200000000,-30.823585510,9.472866058,-66.176986694,29.486993,13.866090,11.327017
15.233333333,-30.919975281,9.509831429,-66.520111084,29.644219,13.952837,11.422856
15.266666666,-31.015691757,9.544048309,-66.860321045,29.724262,13.988293,11.460231
15.300000000,-31.114976883,9.574151993,-67.196205139,29.803758,14.023930,11.493832
15.333333333,-31.219238281,9.599979401,-67.526397705,29.876736,14.054808,11.514472
15.366666666,-31.322282791,9.624406815,-67.855438232,29.952367,14.090692,11.542089
15.400000000,-31.435670853,9.621553421,-68.174064636,28.189053,16.885408,13.824595
15.433333333,-31.549242020,9.626476288,-68.472877502,28.099225,17.210217,13.955005
15.466666666,-31.659786224,9.630773544,-68.774345398,28.290336,17.302631,13.919760
15.500000000,-31.768505096,9.625969887,-69.077651978,28.202319,18.358845,14.422372
15.533333333,-31.872045517,9.632138252,-69.379203796,28.749399,17.786155,13.843509
15.566666666,-31.970949173,9.635237694,-69.692214966,29.106211,17.510622,13.636495
15.600000000,-32.065216064,9.636712074,-70.009391785,29.442707,17.565348,13.587900
15.633333333,-32.155136108,9.639912605,-70.331092834,29.796786,17.565896,13.235526
15.666666666,-32.240097046,9.648797035,-70.654083252,30.420167,15.758679,12.456971
15.700000000,-32.322826385,9.660501480,-70.978706360,30.916382,13.956159,11.802574
15.733333333,-32.402549744,9.678962708,-71.304229736,31.271102,12.984357,11.239601
15.766666666,-32.477382660,9.703285217,-71.631301880,32.014082,10.446711,10.083803
15.800000000,-32.549247742,9.733701706,-71.958900452,32.495459,8.773769,9.108634
15.833333333,-32.618713379,9.770661354,-72.287452698,32.817312,8.046388,8.430263
15.866666666,-32.678859711,9.815002441,-72.614929199,33.534007,7.008452,7.578129
15.900000000,-32.735149384,9.863642693,-72.942077637,33.899163,6.516179,7.077965
15.933333333,-32.785606384,9.914341927,-73.269302368,34.326735,6.184774,6.818042
15.966666666,-32.826358795,9.964395523,-73.597351074,34.897646,6.100550,6.827399
16.000000000,-32.862510681,10.015713692,-73.923805237,35.317606,5.958151,6.732331
16.033333333,-32.894870758,10.069077492,-74.250404358,35.609894,5.743681,6.529660
16.066666666,-32.923965454,10.124866486,-74.578147888,35.831085,5.497408,6.316131
16.100000000,-32.949771881,10.181290627,-74.905799866,35.977147,5.297406,6.166932
16.133333333,-32.976329803,10.239855766,-75.235603333,35.935760,5.007751,5.903451
16.166666666,-33.002193451,10.299157143,-75.566482544,35.942222,4.836371,5.807032
16.200000000,-33.028999329,10.357166290,-75.900161743,35.832732,4.815304,5.882511
16.233333333,-33.056758881,10.414315224,-76.235527039,35.663645,4.801192,5.992561
16.266666666,-33.085166931,10.471250534,-76.571739197,35.562388,4.729448,5.988978
16.300000000,-33.112384796,10.529303551,-76.908874512,35.577249,4.595399,5.872968
16.333333333,-33.143066406,10.589319229,-77.246673584,35.318307,4.149629,5.421699
16.366666666,-33.174785614,10.649538994,-77.586036682,35.028080,3.435904,5.288663
16.400000000,-33.197490692,10.710477829,-77.926055908,34.834793,3.092394,5.463918
16.433333333,-33.234523773,10.766758919,-78.269851685,34.600736,2.881555,5.575711
16.466666666,-33.268257141,10.822820663,-78.616737366,34.478899,2.981986,5.673320
16.500000000,-33.307521820,10.878138542,-78.964439392,34.304415,2.957231,5.743921
16.533333333,-33.347419739,10.933624268,-79.313636780,34.191455,2.855158,5.741681
16.566666666,-33.392444611,10.989203453,-79.665191650,33.770683,2.534269,5.739523
16.600000000,-33.436962128,11.044592857,-80.018203735,33.684653,2.602601,5.857832
16.633333333,-33.481552124,11.100812912,-80.372390747,33.674783,2.747275,5.945231
16.666666666,-33.530754089,11.157316208,-80.727706909,33.473780,2.778227,6.038724
16.700000000,-33.579959869,11.216295242,-81.085830688,33.405184,2.833832,6.118613
16.733333333,-33.629951477,11.277624130,-81.447006226,33.319674,2.935683,6.195310
16.766666666,-33.680469513,11.340995789,-81.808959961,33.237377,3.003465,6.236551
16.800000000,-33.735095978,11.404629707,-82.171669006,32.814507,3.203898,6.473733
16.833333333,-33.789821625,11.471330643,-82.535369873,32.666293,3.264608,6.548438
16.866666666,-33.837772369,11.539049149,-82.905746460,32.607886,3.333405,6.510112
16.900000000,-33.883846283,11.606224060,-83.284400940,32.204355,2.783627,6.610418
16.933333333,-33.868835449,11.635695457,-83.738098145,31.943258,2.717842,6.595281
16.966666666,-33.843994141,11.663766861,-84.201759338,31.661041,2.573671,6.572674
17.000000000,-33.819087982,11.691447258,-84.670570374,31.492702,2.462865,6.521752
17.033333333,-33.782714844,11.709200859,-85.153556824,30.920461,2.245293,6.626627
17.066666666,-33.738636017,11.727175713,-85.645637512,30.687614,2.002489,6.609472
17.100000000,-33.685161591,11.747900009,-86.144393921,30.630144,2.046249,6.591538
17.133333333,-33.640029907,11.772802353,-86.633026123,30.476997,2.123886,6.582141
17.166666666,-33.643314362,11.853246689,-87.038940430,30.434438,2.128182,6.629759
17.200000000,-33.641670227,11.937417030,-87.440757751,30.418280,2.223144,6.694199
17.233333333,-33.631122589,12.021509171,-87.845878601,30.407092,2.343691,6.762807
17.266666666,-33.613136292,12.099700928,-88.264381409,29.851471,2.077208,6.651848
17.300000000,-33.506626129,12.097012520,-88.802688599,29.785360,2.018389,6.724685
17.333333333,-33.417987823,12.119015694,-89.307769775,29.677432,2.102510,6.797400
17.366666666,-33.381652832,12.201901436,-89.724105835,29.807875,2.152052,6.868284
17.400000000,-33.336486816,12.284584999,-90.143440247,29.855612,2.158516,6.923402
17.433333333,-33.283668518,12.367169380,-90.564537048,29.871930,2.143281,6.954150
17.466666666,-33.222915649,12.449047089,-90.987670898,29.882315,2.095391,6.964327
17.500000000,-33.164611816,12.526589394,-91.413368225,29.079913,1.657134,7.055028
17.533333333,-33.098155975,12.602034569,-91.840560913,29.059300,1.548872,7.110541
17.566666666,-33.024890900,12.677062988,-92.268501282,29.073513,1.513321,7.135088
17.600000000,-32.945518494,12.752573967,-92.696456909,29.114333,1.505349,7.143918
17.633333333,-32.858772278,12.825472832,-93.128494263,29.134554,1.230499,7.158641
17.666666666,-32.765815735,12.898067474,-93.561874390,29.195546,1.029187,7.101632
17.700000000,-32.665569305,12.968561172,-93.998550415,29.206597,0.861211,7.096195
17.733333333,-32.562515259,13.032019615,-94.448081970,28.778983,1.098406,7.322070
17.766666666,-32.446910858,13.086933136,-94.911613464,28.728302,1.299272,7.345396
17.800000000,-32.240249634,13.046094894,-95.506484985,28.703573,1.311074,7.150926
17.833333333,-32.043182373,13.020995140,-96.094474792,28.589606,1.546953,7.037868
17.866666666,-31.916879654,13.080376625,-96.559288025,28.565888,1.803324,7.097615
17.900000000,-31.785558701,13.139001846,-97.027214050,28.532953,2.073435,7.170755
17.933333333,-31.562631607,13.096627235,-97.641510010,28.451813,2.272236,7.155066
17.966666666,-31.330429077,13.045424461,-98.264686584,28.228978,2.749735,7.208497
18.000000000,-31.100599289,12.995264053,-98.888504028,28.161012,2.975670,7.209404
18.033333333,-30.860893250,12.945515633,-99.517036438,28.069690,3.206816,7.217444
18.066666666,-30.633947372,12.910651207,-100.126380920,27.935250,3.392682,7.136171
18.100000000,-30.393112183,12.863769531,-100.756271362,27.855565,3.586641,7.115157
18.133333333,-30.148267746,12.815727234,-101.396331787,27.799029,3.711250,7.076969
18.166666666,-29.897188187,12.763156891,-102.032012939,27.761242,3.743915,6.999725
18.200000000,-29.644521713,12.709169388,-102.676612854,27.486981,3.829837,6.919513
18.233333333,-29.387813568,12.655458450,-103.329757690,27.406283,3.869018,6.847507
18.266666666,-29.127244949,12.599497795,-103.981643677,27.379894,3.879100,6.776508
18.300000000,-28.880886078,12.559347153,-104.609565735,27.318816,4.005728,6.775277
18.333333333,-28.619258881,12.509889603,-105.258018494,27.251691,4.160695,6.760975
18.366666666,-28.353275299,12.450745583,-105.914527893,27.185209,4.267306,6.733231
18.400000000,-28.085863113,12.397701263,-106.565856934,27.114956,4.364045,6.706439
18.433333333,-27.815151215,12.338851929,-107.224266052,26.980502,4.728657,6.737794
18.466666666,-27.542770386,12.274752617,-107.877670288,26.914013,4.845068,6.705726
18.500000000,-27.266708374,12.211403847,-108.539634705,26.867512,4.937439,6.669567
18.533333333,-27.007894516,12.165832520,-109.179862976,26.756073,5.340330,6.690116
18.566666666,-26.733577728,12.109731674,-109.835861206,26.707470,5.474806,6.670370
18.600000000,-26.459926605,12.057548523,-110.488739014,26.662344,5.600066,6.653043
18.633333333,-26.181806564,11.998862267,-111.146377563,26.615977,5.708690,6.623463
18.666666666,-25.977970123,12.023404121,-111.681625366,26.422724,6.405618,6.889042
18.700000000,-25.692743301,11.955036163,-112.348350525,26.386335,6.411230,6.875158
18.733333333,-25.411445618,11.892524719,-113.017082214,26.367027,6.413923,6.789201
18.766666666,-25.173974991,11.879476547,-113.604675293,26.346234,6.515800,6.788637
18.800000000,-24.885915756,11.820064545,-114.268531799,26.333425,6.487685,6.725594
18.833333333,-24.598775864,11.759104729,-114.933914185,26.314938,6.482236,6.674483
18.866666666,-24.322134018,11.706997871,-115.572891235,26.303426,6.473808,6.634374
18.900000000,-24.115352631,11.741029739,-116.093009949,26.304538,6.500152,6.620085
18.933333333,-23.821620941,11.676468849,-116.760124207,26.352733,6.195940,6.456292
18.966666666,-23.578996658,11.673042297,-117.337791443,26.374347,6.124612,6.460282
19.000000000,-23.370368958,11.711352348,-117.853691101,26.429631,6.010468,6.422358
19.033333333,-23.153888702,11.741083145,-118.382873535,26.468000,5.875466,6.383989
19.066666666,-22.940664291,11.775692940,-118.904220581,26.489085,5.860075,6.379995
19.100000000,-22.726333618,11.810526848,-119.425605774,26.508908,5.845708,6.362985
19.133333333,-22.511041641,11.846669197,-119.950103760,26.553539,5.409815,6.123854
19.166666666,-22.291553497,11.880152702,-120.479331970,26.624033,5.167895,6.030464
19.200000000,-22.071458817,11.914478302,-121.006103516,26.657022,5.166549,6.041086
19.233333333,-21.852396011,11.953482628,-121.527267456,26.714419,4.899772,5.879376
19.266666666,-21.630748749,11.989745140,-122.050666809,26.754192,4.707116,5.820465
19.300000000,-21.409345627,12.026390076,-122.572326660,26.771760,4.697358,5.855259
19.333333333,-21.186904907,12.061888695,-123.093345642,26.770726,4.818696,5.949575
19.366666666,-20.962886810,12.096910477,-123.614112854,26.789460,4.840550,5.942569
19.400000000,-20.736799240,12.131268501,-124.133911133,26.818593,4.879981,5.970639
19.433333333,-20.509618759,12.164316177,-124.652442932,26.826575,5.001150,6.039837
19.466666666,-20.281410217,12.196751595,-125.169586182,26.857913,5.003725,6.049152
19.500000000,-20.051630020,12.228018761,-125.686576843,26.889249,5.006307,6.058470
19.533333333,-19.743204117,12.165302277,-126.341697693,26.840510,5.161926,6.023269
19.566666666,-19.433547974,12.104310989,-126.995491028,26.830134,5.153658,5.971724
19.600000000,-19.153221130,12.076024055,-127.597526550,26.832587,5.160582,5.942258
19.633333333,-18.871816635,12.046709061,-128.199768066,26.834643,5.165254,5.912822
19.666666666,-18.635200500,12.072832108,-128.716293335,26.865871,5.168119,5.922120
19.700000000,-18.393478394,12.092622757,-129.240447998,26.875380,5.213574,5.922491
19.733333333,-18.125844955,12.080190659,-129.811782837,26.882435,5.235263,5.905421
19.766666666,-17.882240295,12.097375870,-130.336013794,26.900439,5.259703,5.907766
19.800000000,-17.641548157,12.117764473,-130.853469849,26.928853,5.263920,5.915034
19.833333333,-17.327159882,12.053656578,-131.498535156,26.929482,5.303438,5.887369
19.866666666,-17.081132889,12.067776680,-132.022918701,26.939314,5.340864,5.900766
19.900000000,-16.836374283,12.084114075,-132.541748047,26.970997,5.332864,5.893483
19.933333333,-16.564752579,12.068068504,-133.109893799,26.980488,5.364874,5.876263
19.966666666,-16.290430069,12.048982620,-133.680557251,26.988373,5.379981,5.859149
20.000000000,-16.040781021,12.060317993,-134.204010010,27.007063,5.398851,5.861400
20.033333333,-15.789163589,12.069114685,-134.730865479,27.024453,5.426356,5.862402
20.066666666,-15.476270676,12.001902580,-135.380477905,26.991803,5.445670,5.805372
20.100000000,-15.171855927,11.946149826,-136.012130737,27.002413,5.435393,5.772120
20.133333333,-14.921741486,11.955743790,-136.539245605,27.018471,5.438531,5.778871
20.166666666,-14.666779518,11.958949089,-137.076553345,27.030289,5.466786,5.777155
20.200000000,-14.414989471,11.965804100,-137.608779907,27.048408,5.483076,5.778350
20.233333333,-14.163879395,11.973350525,-138.141464233,27.079203,5.486351,5.787380
20.266666666,-13.877085686,11.937665939,-138.742187500,27.072050,5.523759,5.756853
20.300000000,-13.571012497,11.875844002,-139.381301880,27.072779,5.517381,5.719872
20.333333333,-13.318769455,11.880281448,-139.921249390,27.099830,5.520781,5.725352
20.366666666,-13.009471893,11.811643600,-140.567276001,27.091823,5.531031,5.681788
20.400000000,-12.755946159,11.813885689,-141.110183716,27.121730,5.534161,5.689840
20.433333333,-12.461472511,11.764769554,-141.728500366,27.117114,5.549921,5.656465
20.466666666,-12.206181526,11.765048027,-142.272033691,27.143973,5.553437,5.661644
20.500000000,-11.949808121,11.764664650,-142.814422607,27.170311,5.557858,5.666792
20.533333333,-11.690619469,11.763879776,-143.357315063,27.423001,5.692710,5.533308
20.566666666,-11.429584503,11.761194229,-143.903701782,27.386252,5.892653,5.506503
20.600000000,-11.167215347,11.757079124,-144.451904297,27.416065,5.994008,5.508703
20.633333333,-10.905640602,11.754458427,-144.995971680,27.472554,6.028391,5.495479
20.666666666,-10.641857147,11.750026703,-145.541931152,27.525194,6.127991,5.471992
20.700000000,-10.377220154,11.744769096,-146.088775635,27.586170,6.185075,5.460758
20.733333333,-10.110114098,11.736778259,-146.639892578,27.647957,6.244369,5.450616
20.766666666,-9.845206261,11.730858803,-147.186553955,27.769546,6.435962,5.343149
20.800000000,-9.578166962,11.723582268,-147.733642578,27.870807,7.055448,5.398231
20.833333333,-9.309515953,11.715833664,-148.280639648,27.911351,7.487091,5.487847
20.866666666,-9.039353371,11.706403732,-148.826354980,27.974983,7.882516,5.554001
20.900000000,-8.767062187,11.694905281,-149.372024536,28.026563,8.568432,5.708946
20.933333333,-8.492647171,11.682722092,-149.917434692,28.051952,9.192522,5.842235
20.966666666,-8.216072083,11.669244766,-150.461868286,28.070296,9.707269,5.969680
21.000000000,-7.937003136,11.652594566,-151.004531860,28.045801,10.482431,6.268172
21.033333333,-7.655747890,11.633762360,-151.546340942,28.058735,10.991629,6.441100
21.066666666,-7.373286247,11.613247871,-152.086929321,28.083059,11.336380,6.542296
21.100000000,-7.090017319,11.592066765,-152.625518799,28.117283,11.358341,6.554240
21.133333333,-6.803903580,11.566686630,-153.164031982,28.137859,12.028734,6.822399
21.166666666,-6.515397072,11.539459229,-153.701690674,28.199497,12.411574,6.959927
21.200000000,-6.224758148,11.510701180,-154.239334106,28.290437,12.714239,7.022112
21.233333333,-5.932387829,11.480575562,-154.778488159,28.389401,12.969764,7.004580
21.266666666,-5.638523102,11.450123787,-155.318664551,28.488097,13.091132,6.929946
21.300000000,-5.343205452,11.419978142,-155.859481812,28.581092,13.103801,6.821171
21.333333333,-5.046911716,11.388779640,-156.400222778,28.616649,13.131407,6.833516
21.366666666,-4.749207973,11.356287003,-156.941268921,28.652201,13.159030,6.845884
21.400000000,-4.450580120,11.325362206,-157.482772827,28.726043,12.928486,6.642448
21.433333333,-4.151332378,11.295359612,-158.025543213,28.756667,12.865171,6.510304
21.466666666,-3.850959063,11.267868996,-158.569946289,29.178286,12.726601,6.144807
21.500000000,-3.548766375,11.241605759,-159.115249634,29.172207,12.615801,6.056281
21.533333333,-3.246128082,11.216199875,-159.662185669,29.176080,12.522186,5.989695
21.566666666,-2.943022490,11.193075180,-160.209472656,29.206123,12.386459,5.845422
21.600000000,-2.639779091,11.173000336,-160.756256104,29.148692,12.066731,5.622362
21.633333333,-2.337690353,11.157559395,-161.304992676,29.036182,11.759797,5.441091
21.666666666,-2.036929131,11.145515442,-161.854553223,28.937363,11.634843,5.326017
21.700000000,-1.736836553,11.135696411,-162.404510498,28.799597,11.756700,5.386215
21.733333333,-1.436258197,11.129634857,-162.955917358,28.691057,11.805255,5.392914
21.766666666,-1.133655190,11.129903793,-163.510131836,28.686360,11.624136,5.275475
21.800000000,-0.828662097,11.137321472,-164.067077637,28.648685,11.448652,5.230445
21.833333333,-0.519372880,11.150529861,-164.626464844,28.641176,11.328099,5.160364
21.866666666,-0.205102056,11.168687820,-165.188613892,28.623099,11.265019,5.117990
21.900000000,0.115404174,11.191420555,-165.752273560,28.595674,11.224150,5.072825
21.933333333,0.442257583,11.218547821,-166.319778442,28.444018,11.202353,5.084283
21.966666666,0.776102364,11.250382423,-166.889770508,28.316324,11.124421,5.043079
22.000000000,1.118423104,11.286706924,-167.460891724,28.265197,11.094551,5.021227
22.033333333,1.469227195,11.327023506,-168.032531738,28.195702,11.129934,5.121222
22.066666666,1.829377294,11.370642662,-168.604782104,28.147441,11.176069,5.156823
22.100000000,2.199337721,11.417614937,-169.177429199,28.150470,11.240457,5.199991
22.133333333,2.579243660,11.467340469,-169.750869751,28.169853,11.336317,5.256176
22.166666666,2.969051361,11.518392563,-170.325653076,28.155087,11.682972,5.399022
22.200000000,3.368424654,11.571318626,-170.901794434,28.157667,11.947689,5.507873
22.233333333,3.777314425,11.626962662,-171.478988647,28.182557,12.083125,5.549608
22.266666666,4.195456982,11.686226845,-172.056304932,28.216182,12.103741,5.558485
22.300000000,4.623442173,11.748743057,-172.633956909,28.249804,12.124370,5.567380
22.333333333,5.062300682,11.811846733,-173.211929321,28.312305,12.596140,5.834831
22.366666666,5.511431217,11.877124786,-173.789413452,28.371699,12.721661,5.872051
22.400000000,5.969103813,11.944576263,-174.367141724,28.350077,12.902021,5.925677
22.433333333,6.435283184,12.013880730,-174.945037842,28.340948,13.074485,5.971468
22.466666666,6.910503864,12.085523605,-175.523376465,28.399259,13.111593,5.957828
22.500000000,7.394388199,12.159329414,-176.102020264,28.436168,13.206993,5.932299
22.533333333,7.886601925,12.234773636,-176.681152344,28.472398,13.376014,5.969187
22.566666666,8.386375427,12.312314034,-177.261444092,28.512868,13.455776,5.962904
22.600000000,8.893160820,12.392238617,-177.843566895,28.544892,13.517552,5.945699
22.633333333,9.405982018,12.473695755,-178.427337646,28.533179,13.733764,5.996887
22.666666666,9.924839020,12.556793213,-179.012893677,28.547836,13.850895,6.001729
22.700000000,10.449605942,12.641510010,-179.599533081,28.563144,13.904814,5.981906
22.733333333,10.979464531,12.728249550,-180.188308716,28.578517,13.970055,5.938506
22.766666666,11.514162064,12.816825867,-180.780105591,28.595666,14.048792,5.927098
22.800000000,12.053796768,12.906980515,-181.375152588,28.628961,14.074194,5.936802
22.833333333,12.598366737,12.998874664,-181.974426270,28.648653,14.204690,5.947015
22.866666666,13.147314072,13.092453003,-182.576980591,28.659021,14.355987,5.930641
22.900000000,13.700513840,13.188384056,-183.182998657,28.672297,14.475432,5.925410
22.933333333,14.257807732,13.285872459,-183.792709351,28.697277,14.635169,5.947349
22.966666666,14.819279671,13.385073662,-184.406158447,28.730981,14.784027,5.990467
23.000000000,15.385014534,13.486010551,-185.023193359,28.769979,14.945924,6.028861
23.033333333,15.954962730,13.588177681,-185.643768311,28.814088,15.081743,6.053758
23.066666666,16.528898239,13.691681862,-186.268203735,28.857579,15.190697,6.063372
23.100000000,17.107118607,13.796525955,-186.896499634,28.906203,15.427941,6.133113
23.133333333,17.689359665,13.902881622,-187.527938843,28.938713,15.560963,6.157112
23.166666666,18.275671005,14.010204315,-188.162261963,28.970939,15.622421,6.167294
23.200000000,18.866161346,14.118560791,-188.799041748,29.004160,15.651331,6.178124
23.233333333,19.460739136,14.228020668,-189.439193726,29.045980,15.881052,6.247081
23.266666666,20.059087753,14.338526726,-190.081649780,29.087864,15.988082,6.256368
23.300000000,20.661090851,14.450059891,-190.726959229,29.124491,16.101459,6.269981
23.333333333,21.266000748,14.562322617,-191.375961304,29.128793,16.201112,6.234938
23.366666666,21.874101639,14.676188469,-192.028671265,29.150610,16.238394,6.199548
23.400000000,22.485307693,14.791508675,-192.685958862,29.150584,16.347177,6.217618
23.433333333,23.099210739,14.908309937,-193.346282959,29.168115,16.410886,6.240735
23.466666666,23.716032028,15.025922775,-194.009948730,29.165731,16.504344,6.260632
23.500000000,24.335536957,15.145094872,-194.675415039,29.184925,16.554349,6.258742
23.533333333,24.958148956,15.265365601,-195.343170166,29.203018,16.606588,6.251569
23.566666666,25.621267319,15.335076332,-196.099212646,29.017406,16.918681,6.200950
23.600000000,26.285945892,15.409238815,-196.854446411,29.104947,16.900888,6.130903
23.633333333,26.917234421,15.533875465,-197.527801514,29.158883,16.897462,6.128225
23.666666666,27.551786423,15.660319328,-198.201736450,29.190924,16.920069,6.127182
23.700000000,28.212833405,15.756514549,-198.928771973,29.198643,17.003343,6.083273
23.733333333,28.874942780,15.858118057,-199.654800415,29.232104,17.088508,6.113099
23.766666666,29.546684265,15.953483582,-200.391677856,29.261936,17.174841,6.148350
23.800000000,30.194089890,16.082983017,-201.073532104,29.323789,17.149371,6.003638
23.833333333,30.844751358,16.213687897,-201.757583618,29.349052,17.201201,5.973764
23.866666666,31.498792648,16.345294952,-202.442413330,29.361776,17.290178,5.978528
23.900000000,32.156566620,16.477216721,-203.127914429,29.381166,17.484965,6.058154
23.933333333,32.817955017,16.610042572,-203.814071655,29.389877,17.590666,6.076764
23.966666666,33.482685089,16.743906021,-204.500869751,29.390536,17.659188,6.058887
24.000000000,34.151020050,16.879037857,-205.188873291,29.403626,17.701789,6.044408
24.033333333,34.853237152,16.973714828,-205.955093384,29.246002,17.945791,5.925488
24.066666666,35.555984497,17.072996140,-206.716629028,29.259343,17.994425,5.923389
24.100000000,36.232120514,17.213100433,-207.407165527,29.290206,18.027389,5.932500
24.133333333,36.911777496,17.354104996,-208.099044800,29.317575,18.062693,5.939166
24.166666666,37.594902039,17.495695114,-208.792907715,29.324473,18.115385,5.933192
24.200000000,38.281497955,17.638681412,-209.486434937,29.356666,18.147869,5.943573
24.233333333,38.972126007,17.783075333,-210.180053711,29.358558,18.207392,5.932712
24.266666666,39.666282654,17.929073334,-210.871322632,29.390678,18.239942,5.943111
24.300000000,40.364627838,18.075969696,-211.563415527,29.407333,18.285475,5.941887
24.333333333,41.066871643,18.223348618,-212.256591797,29.400378,18.357732,5.923608
24.366666666,41.772518158,18.373012543,-212.948577881,29.417637,18.406408,5.921892
24.400000000,42.482280731,18.523616791,-213.640716553,29.426770,18.464129,5.913541
24.433333333,43.195316315,18.675794601,-214.331558228,29.447109,18.509130,5.914142
24.466666666,43.911830902,18.829175949,-215.022705078,29.473849,18.546858,5.920199
24.500000000,44.661918640,18.946844101,-215.786880493,29.432492,18.687389,5.862508
24.533333333,45.416179657,19.064056396,-216.555114746,29.444316,18.730721,5.827429
24.566666666,46.172458649,19.186719894,-217.317687988,29.460555,18.774773,5.808342
24.600000000,46.902580261,19.347471237,-218.012878418,29.492247,18.807765,5.818760
24.633333333,47.636508942,19.509279251,-218.709213257,29.516735,18.843488,5.823341
24.666666666,48.374008179,19.672369003,-219.406234741,29.548399,18.876513,5.833793
24.700000000,49.127418518,19.820396423,-220.135986328,29.512428,18.979758,5.780952
24.733333333,49.871379852,19.985918045,-220.835571289,29.538527,19.015367,5.786983
24.766666666,50.618312836,20.152704239,-221.536895752,29.561417,19.053240,5.791085
24.800000000,51.368839264,20.320590973,-222.239883423,29.579572,19.094580,5.792157
24.833333333,52.122798920,20.490625381,-222.943832397,29.611025,19.127784,5.802614
24.866666666,52.879863739,20.662635803,-223.651000977,29.637340,19.163452,5.808999
24.900000000,53.639621735,20.836753845,-224.361419678,29.654681,19.204156,5.808959
24.933333333,54.402194977,21.012216568,-225.074340820,29.647931,19.263064,5.793693
24.966666666,55.195594788,21.154151917,-225.861679077,29.614414,19.374714,5.724975
25.000000000,55.988937378,21.303188324,-226.640869141,29.633312,19.417256,5.704796
25.033333333,56.760330200,21.484436035,-227.362426758,29.653513,19.455988,5.707510
25.066666666,57.534538269,21.667749405,-228.084503174,29.684221,19.489568,5.717547
25.100000000,58.311981201,21.852262497,-228.809890747,29.703608,19.527906,5.719045
25.133333333,59.092319489,22.039001465,-229.537506104,29.730520,19.563314,5.726412
25.166666666,59.876152039,22.228307724,-230.267211914,29.750475,19.602066,5.728835
25.200000000,60.699687958,22.381311417,-231.068862915,30.254699,20.549205,6.413687
25.233333333,61.527519226,22.539527893,-231.873474121,30.401392,20.387602,6.111763
25.266666666,62.351703644,22.699834824,-232.676788330,29.996320,20.104293,5.797624
25.300000000,63.175239563,22.867282867,-233.476898193,29.914431,20.068731,5.765773
25.333333333,64.006072998,23.032798767,-234.284744263,29.882764,20.055686,5.758492
25.366666666,64.841789246,23.196825027,-235.095016479,29.878975,20.013759,5.751951
25.400000000,65.680839539,23.363246918,-235.906860352,29.853258,19.946255,5.763108
25.433333333,66.506576538,23.557090759,-236.671447754,29.956943,19.864828,5.650466
25.466666666,67.333648682,23.756465912,-237.426101685,29.922393,19.785539,5.679701
25.500000000,68.192138672,23.928010941,-238.231475830,29.887267,19.677862,5.714776
25.533333333,69.036903381,24.120698929,-238.992385864,29.776819,19.560083,5.784610
25.566666666,69.891426086,24.308444977,-239.760803223,29.677489,19.439813,5.849766
25.600000000,70.742614746,24.506309509,-240.509613037,29.573206,19.325497,5.911999
25.633333333,71.596374512,24.704860687,-241.253143311,29.474445,19.228490,5.957770
25.666666666,72.451805115,24.907186508,-241.990005493,29.389243,19.143306,5.949143
25.700000000,73.310844421,25.108119965,-242.728759766,29.257775,19.032336,6.004599
25.733333333,74.172523499,25.309448242,-243.469863892,29.157886,18.927718,6.049033
25.766666666,75.035926819,25.512916565,-244.210494995,29.076690,18.835707,6.060881
25.800000000,75.901885986,25.716640472,-244.953399658,28.959506,18.722611,6.071608
25.833333333,76.770195007,25.920316696,-245.699584961,28.808817,18.594485,6.093044
25.866666666,77.640472412,26.124826431,-246.447921753,28.682423,18.485126,6.096905
25.900000000,78.512725830,26.328660965,-247.199371338,28.503566,18.356700,6.116287
25.933333333,79.386787415,26.531435013,-247.955062866,28.328788,18.210972,6.138713
25.966666666,80.261604309,26.735252380,-248.714233398,28.201232,18.124267,6.145825
26.000000000,81.137168884,26.937110901,-249.479690552,28.040783,18.012709,6.188704
26.033333333,82.017005920,27.133653641,-250.259552002,27.891954,17.898275,6.227350
26.066666666,82.917114258,27.303432465,-251.091659546,27.801275,17.806730,6.238243
26.100000000,83.794792175,27.506362915,-251.874832153,27.741947,17.757992,6.218760
26.133333333,84.674461365,27.708887100,-252.660049438,27.637901,17.697210,6.196229
26.166666666,85.564651489,27.915454865,-253.420425415,27.531923,17.623343,6.178375
26.200000000,86.459831238,28.122930527,-254.178771973,27.450077,17.562970,6.163427
26.233333333,87.357994080,28.331001282,-254.940963745,27.356351,17.509614,6.143077
26.266666666,88.258728027,28.539241791,-255.708526611,27.279914,17.469249,6.133394
26.300000000,89.159545898,28.744636536,-256.482910156,26.986259,17.348891,6.146390
26.333333333,90.061744690,28.951896667,-257.262023926,26.926842,17.307428,6.137158
26.366666666,90.965583801,29.159214020,-258.044860840,26.849768,17.254803,6.125313
26.400000000,91.875198364,29.365665436,-258.817535400,26.704759,17.177557,6.120014
26.433333333,92.790328979,29.572360992,-259.587310791,26.586568,17.122074,6.121830
26.466666666,93.708442688,29.779621124,-260.358795166,26.451130,17.062422,6.110187
26.500000000,94.627716064,29.984794617,-261.138732910,26.239280,16.970173,6.125175
26.533333333,95.547599792,30.191904068,-261.925415039,26.196048,16.946555,6.120056
