#timestamp [ns],filename
46577479000,46577479000.png
46610810543,46610810543.png
46644142086,46644142086.png
46677473629,46677473629.png
46710805172,46710805172.png
46744136715,46744136715.png
46777468258,46777468258.png
46810799802,46810799802.png
46844131345,46844131345.png
46877462888,46877462888.png
46910794431,46910794431.png
46944125974,46944125974.png
46977457517,46977457517.png
47010789060,47010789060.png
47044120604,47044120604.png
47077452147,47077452147.png
47110783690,47110783690.png
47144115233,47144115233.png
47177446776,47177446776.png
47210778319,47210778319.png
47244109862,47244109862.png
47277441406,47277441406.png
47310772949,47310772949.png
47344104492,47344104492.png
47377436035,47377436035.png
47410767578,47410767578.png
47444099121,47444099121.png
47477430664,47477430664.png
47510762208,47510762208.png
47544093751,47544093751.png
47577425294,47577425294.png
47610756837,47610756837.png
47644088380,47644088380.png
47677419923,47677419923.png
47710751466,47710751466.png
47744083010,47744083010.png
47777414553,47777414553.png
47810746096,47810746096.png
47844077639,47844077639.png
47877409182,47877409182.png
47910740725,47910740725.png
47944072268,47944072268.png
47977403812,47977403812.png
48010735355,48010735355.png
48044066898,48044066898.png
48077398441,48077398441.png
48110729984,48110729984.png
48144061527,48144061527.png
48177393070,48177393070.png
48210724614,48210724614.png
48244056157,48244056157.png
48277387700,48277387700.png
48310719243,48310719243.png
48344050786,48344050786.png
48377382329,48377382329.png
48410713872,48410713872.png
48444045416,48444045416.png
48477376959,48477376959.png
48510708502,48510708502.png
48544040045,48544040045.png
48577371588,48577371588.png
48610703131,48610703131.png
48644034674,48644034674.png
48677366218,48677366218.png
48710697761,48710697761.png
48744029304,48744029304.png
48777360847,48777360847.png
48810692390,48810692390.png
48844023933,48844023933.png
48877355476,48877355476.png
48910687020,48910687020.png
48944018563,48944018563.png
48977350106,48977350106.png
49010681649,49010681649.png
49044013192,49044013192.png
49077344735,49077344735.png
49110676278,49110676278.png
49144007822,49144007822.png
49177339365,49177339365.png
49210670908,49210670908.png
49244002451,49244002451.png
49277333994,49277333994.png
49310665537,49310665537.png
49343997080,49343997080.png
49377328624,49377328624.png
49410660167,49410660167.png
49443991710,49443991710.png
49477323253,49477323253.png
49510654796,49510654796.png
49543986339,49543986339.png
49577317882,49577317882.png
49610649426,49610649426.png
49643980969,49643980969.png
49677312512,49677312512.png
49710644055,49710644055.png
49743975598,49743975598.png
49777307141,49777307141.png
49810638684,49810638684.png
49843970228,49843970228.png
49877301771,49877301771.png
49910633314,49910633314.png
49943964857,49943964857.png
49977296400,49977296400.png
50010627943,50010627943.png
50043959486,50043959486.png
50077291030,50077291030.png
50110622573,50110622573.png
50143954116,50143954116.png
50177285659,50177285659.png
50210617202,50210617202.png
50243948745,50243948745.png
50277280288,50277280288.png
50310611832,50310611832.png
50343943375,50343943375.png
50377274918,50377274918.png
50410606461,50410606461.png
50443938004,50443938004.png
50477269547,50477269547.png
50510601090,50510601090.png
50543932634,50543932634.png
50577264177,50577264177.png
50610595720,50610595720.png
50643927263,50643927263.png
50677258806,50677258806.png
50710590349,50710590349.png
50743921892,50743921892.png
50777253436,50777253436.png
50810584979,50810584979.png
50843916522,50843916522.png
50877248065,50877248065.png
50910579608,50910579608.png
50943911151,50943911151.png
50977242694,50977242694.png
51010574238,51010574238.png
51043905781,51043905781.png
51077237324,51077237324.png
51110568867,51110568867.png
51143900410,51143900410.png
51177231953,51177231953.png
51210563496,51210563496.png
51243895040,51243895040.png
51277226583,51277226583.png
51310558126,51310558126.png
51343889669,51343889669.png
51377221212,51377221212.png
51410552755,51410552755.png
51443884298,51443884298.png
51477215842,51477215842.png
51510547385,51510547385.png
51543878928,51543878928.png
51577210471,51577210471.png
51610542014,51610542014.png
51643873557,51643873557.png
51677205100,51677205100.png
51710536644,51710536644.png
51743868187,51743868187.png
51777199730,51777199730.png
51810531273,51810531273.png
51843862816,51843862816.png
51877194359,51877194359.png
51910525902,51910525902.png
51943857446,51943857446.png
51977188989,51977188989.png
52010520532,52010520532.png
52043852075,52043852075.png
52077183618,52077183618.png
52110515161,52110515161.png
52143846704,52143846704.png
52177178248,52177178248.png
52210509791,52210509791.png
52243841334,52243841334.png
52277172877,52277172877.png
52310504420,52310504420.png
52343835963,52343835963.png
52377167506,52377167506.png
52410499050,52410499050.png
52443830593,52443830593.png
52477162136,52477162136.png
52510493679,52510493679.png
52543825222,52543825222.png
52577156765,52577156765.png
52610488308,52610488308.png
52643819852,52643819852.png
52677151395,52677151395.png
52710482938,52710482938.png
52743814481,52743814481.png
52777146024,52777146024.png
52810477567,52810477567.png
52843809110,52843809110.png
52877140654,52877140654.png
52910472197,52910472197.png
52943803740,52943803740.png
52977135283,52977135283.png
53010466826,53010466826.png
53043798369,53043798369.png
53077129912,53077129912.png
53110461456,53110461456.png
53143792999,53143792999.png
53177124542,53177124542.png
53210456085,53210456085.png
53243787628,53243787628.png
53277119171,53277119171.png
53310450715,53310450715.png
53343782258,53343782258.png
53377113801,53377113801.png
53410445344,53410445344.png
53443776887,53443776887.png
53477108430,53477108430.png
53510439973,53510439973.png
53543771517,53543771517.png
53577103060,53577103060.png
53610434603,53610434603.png
53643766146,53643766146.png
53677097689,53677097689.png
53710429232,53710429232.png
53743760775,53743760775.png
53777092319,53777092319.png
53810423862,53810423862.png
53843755405,53843755405.png
53877086948,53877086948.png
53910418491,53910418491.png
53943750034,53943750034.png
53977081577,53977081577.png
54010413121,54010413121.png
54043744664,54043744664.png
54077076207,54077076207.png
54110407750,54110407750.png
54143739293,54143739293.png
54177070836,54177070836.png
54210402379,54210402379.png
54243733923,54243733923.png
54277065466,54277065466.png
54310397009,54310397009.png
54343728552,54343728552.png
54377060095,54377060095.png
54410391638,54410391638.png
54443723181,54443723181.png
54477054725,54477054725.png
54510386268,54510386268.png
54543717811,54543717811.png
54577049354,54577049354.png
54610380897,54610380897.png
54643712440,54643712440.png
54677043983,54677043983.png
54710375527,54710375527.png
54743707070,54743707070.png
54777038613,54777038613.png
54810370156,54810370156.png
54843701699,54843701699.png
54877033242,54877033242.png
54910364785,54910364785.png
54943696329,54943696329.png
54977027872,54977027872.png
55010359415,55010359415.png
55043690958,55043690958.png
55077022501,55077022501.png
55110354044,55110354044.png
55143685587,55143685587.png
55177017131,55177017131.png
55210348674,55210348674.png
55243680217,55243680217.png
55277011760,55277011760.png
55310343303,55310343303.png
55343674846,55343674846.png
55377006389,55377006389.png
55410337933,55410337933.png
55443669476,55443669476.png
55477001019,55477001019.png
55510332562,55510332562.png
55543664105,55543664105.png
55576995648,55576995648.png
55610327191,55610327191.png
55643658735,55643658735.png
55676990278,55676990278.png
55710321821,55710321821.png
55743653364,55743653364.png
55776984907,55776984907.png
55810316450,55810316450.png
55843647993,55843647993.png
55876979537,55876979537.png
55910311080,55910311080.png
55943642623,55943642623.png
55976974166,55976974166.png
56010305709,56010305709.png
56043637252,56043637252.png
56076968795,56076968795.png
56110300339,56110300339.png
56143631882,56143631882.png
56176963425,56176963425.png
56210294968,56210294968.png
56243626511,56243626511.png
56276958054,56276958054.png
56310289597,56310289597.png
56343621141,56343621141.png
56376952684,56376952684.png
56410284227,56410284227.png
56443615770,56443615770.png
56476947313,56476947313.png
56510278856,56510278856.png
56543610399,56543610399.png
56576941943,56576941943.png
56610273486,56610273486.png
56643605029,56643605029.png
56676936572,56676936572.png
56710268115,56710268115.png
56743599658,56743599658.png
56776931201,56776931201.png
56810262745,56810262745.png
56843594288,56843594288.png
56876925831,56876925831.png
56910257374,56910257374.png
56943588917,56943588917.png
56976920460,56976920460.png
57010252003,57010252003.png
57043583547,57043583547.png
57076915090,57076915090.png
57110246633,57110246633.png
57143578176,57143578176.png
57176909719,57176909719.png
57210241262,57210241262.png
57243572805,57243572805.png
57276904349,57276904349.png
57310235892,57310235892.png
57343567435,57343567435.png
57376898978,57376898978.png
57410230521,57410230521.png
57443562064,57443562064.png
57476893607,57476893607.png
57510225151,57510225151.png
57543556694,57543556694.png
57576888237,57576888237.png
57610219780,57610219780.png
57643551323,57643551323.png
57676882866,57676882866.png
57710214409,57710214409.png
57743545953,57743545953.png
57776877496,57776877496.png
57810209039,57810209039.png
57843540582,57843540582.png
57876872125,57876872125.png
57910203668,57910203668.png
57943535211,57943535211.png
57976866755,57976866755.png
58010198298,58010198298.png
58043529841,58043529841.png
58076861384,58076861384.png
58110192927,58110192927.png
58143524470,58143524470.png
58176856013,58176856013.png
58210187557,58210187557.png
58243519100,58243519100.png
58276850643,58276850643.png
58310182186,58310182186.png
58343513729,58343513729.png
58376845272,58376845272.png
58410176815,58410176815.png
58443508359,58443508359.png
58476839902,58476839902.png
58510171445,58510171445.png
58543502988,58543502988.png
58576834531,58576834531.png
58610166074,58610166074.png
58643497617,58643497617.png
58676829161,58676829161.png
58710160704,58710160704.png
58743492247,58743492247.png
58776823790,58776823790.png
58810155333,58810155333.png
58843486876,58843486876.png
58876818419,58876818419.png
58910149963,58910149963.png
58943481506,58943481506.png
58976813049,58976813049.png
59010144592,59010144592.png
59043476135,59043476135.png
59076807678,59076807678.png
59110139221,59110139221.png
59143470765,59143470765.png
59176802308,59176802308.png
59210133851,59210133851.png
59243465394,59243465394.png
59276796937,59276796937.png
59310128480,59310128480.png
59343460023,59343460023.png
59376791567,59376791567.png
59410123110,59410123110.png
59443454653,59443454653.png
59476786196,59476786196.png
59510117739,59510117739.png
59543449282,59543449282.png
59576780825,59576780825.png
59610112369,59610112369.png
59643443912,59643443912.png
59676775455,59676775455.png
59710106998,59710106998.png
59743438541,59743438541.png
59776770084,59776770084.png
59810101627,59810101627.png
59843433171,59843433171.png
59876764714,59876764714.png
59910096257,59910096257.png
59943427800,59943427800.png
59976759343,59976759343.png
60010090886,60010090886.png
60043422430,60043422430.png
60076753973,60076753973.png
60110085516,60110085516.png
60143417059,60143417059.png
60176748602,60176748602.png
60210080145,60210080145.png
60243411688,60243411688.png
60276743232,60276743232.png
60310074775,60310074775.png
60343406318,60343406318.png
60376737861,60376737861.png
60410069404,60410069404.png
60443400947,60443400947.png
60476732490,60476732490.png
60510064034,60510064034.png
60543395577,60543395577.png
60576727120,60576727120.png
60610058663,60610058663.png
60643390206,60643390206.png
60676721749,60676721749.png
60710053292,60710053292.png
60743384836,60743384836.png
60776716379,60776716379.png
60810047922,60810047922.png
60843379465,60843379465.png
60876711008,60876711008.png
60910042551,60910042551.png
60943374094,60943374094.png
60976705638,60976705638.png
61010037181,61010037181.png
61043368724,61043368724.png
61076700267,61076700267.png
61110031810,61110031810.png
61143363353,61143363353.png
61176694896,61176694896.png
61210026440,61210026440.png
61243357983,61243357983.png
61276689526,61276689526.png
61310021069,61310021069.png
61343352612,61343352612.png
61376684155,61376684155.png
61410015698,61410015698.png
61443347242,61443347242.png
61476678785,61476678785.png
61510010328,61510010328.png
61543341871,61543341871.png
61576673414,61576673414.png
61610004957,61610004957.png
61643336500,61643336500.png
61676668044,61676668044.png
61709999587,61709999587.png
61743331130,61743331130.png
61776662673,61776662673.png
61809994216,61809994216.png
61843325759,61843325759.png
61876657302,61876657302.png
61909988846,61909988846.png
61943320389,61943320389.png
61976651932,61976651932.png
62009983475,62009983475.png
62043315018,62043315018.png
62076646561,62076646561.png
62109978104,62109978104.png
62143309648,62143309648.png
62176641191,62176641191.png
62209972734,62209972734.png
62243304277,62243304277.png
62276635820,62276635820.png
62309967363,62309967363.png
62343298906,62343298906.png
62376630450,62376630450.png
62409961993,62409961993.png
62443293536,62443293536.png
62476625079,62476625079.png
62509956622,62509956622.png
62543288165,62543288165.png
62576619708,62576619708.png
62609951252,62609951252.png
62643282795,62643282795.png
62676614338,62676614338.png
62709945881,62709945881.png
62743277424,62743277424.png
62776608967,62776608967.png
62809940510,62809940510.png
62843272054,62843272054.png
62876603597,62876603597.png
62909935140,62909935140.png
62943266683,62943266683.png
62976598226,62976598226.png
63009929769,63009929769.png
63043261312,63043261312.png
63076592856,63076592856.png
63109924399,63109924399.png
63143255942,63143255942.png
63176587485,63176587485.png
63209919028,63209919028.png
63243250571,63243250571.png
63276582114,63276582114.png
63309913658,63309913658.png
63343245201,63343245201.png
63376576744,63376576744.png
63409908287,63409908287.png
63443239830,63443239830.png
63476571373,63476571373.png
63509902916,63509902916.png
63543234460,63543234460.png
63576566003,63576566003.png
63609897546,63609897546.png
63643229089,63643229089.png
63676560632,63676560632.png
63709892175,63709892175.png
63743223718,63743223718.png
63776555262,63776555262.png
63809886805,63809886805.png
63843218348,63843218348.png
63876549891,63876549891.png
63909881434,63909881434.png
63943212977,63943212977.png
63976544520,63976544520.png
64009876064,64009876064.png
64043207607,64043207607.png
64076539150,64076539150.png
64109870693,64109870693.png
64143202236,64143202236.png
64176533779,64176533779.png
64209865322,64209865322.png
64243196866,64243196866.png
64276528409,64276528409.png
64309859952,64309859952.png
64343191495,64343191495.png
64376523038,64376523038.png
64409854581,64409854581.png
64443186124,64443186124.png
64476517668,64476517668.png
64509849211,64509849211.png
64543180754,64543180754.png
64576512297,64576512297.png
64609843840,64609843840.png
64643175383,64643175383.png
64676506926,64676506926.png
64709838470,64709838470.png
64743170013,64743170013.png
64776501556,64776501556.png
64809833099,64809833099.png
64843164642,64843164642.png
64876496185,64876496185.png
64909827728,64909827728.png
64943159272,64943159272.png
64976490815,64976490815.png
65009822358,65009822358.png
65043153901,65043153901.png
65076485444,65076485444.png
65109816987,65109816987.png
65143148530,65143148530.png
65176480074,65176480074.png
65209811617,65209811617.png
65243143160,65243143160.png
65276474703,65276474703.png
65309806246,65309806246.png
65343137789,65343137789.png
65376469332,65376469332.png
65409800876,65409800876.png
65443132419,65443132419.png
65476463962,65476463962.png
65509795505,65509795505.png
65543127048,65543127048.png
65576458591,65576458591.png
65609790134,65609790134.png
65643121678,65643121678.png
65676453221,65676453221.png
65709784764,65709784764.png
65743116307,65743116307.png
65776447850,65776447850.png
65809779393,65809779393.png
65843110936,65843110936.png
65876442480,65876442480.png
65909774023,65909774023.png
65943105566,65943105566.png
65976437109,65976437109.png
66009768652,66009768652.png
66043100195,66043100195.png
66076431738,66076431738.png
66109763282,66109763282.png
66143094825,66143094825.png
66176426368,66176426368.png
66209757911,66209757911.png
66243089454,66243089454.png
66276420997,66276420997.png
66309752540,66309752540.png
66343084084,66343084084.png
66376415627,66376415627.png
66409747170,66409747170.png
66443078713,66443078713.png
66476410256,66476410256.png
66509741799,66509741799.png
66543073343,66543073343.png
66576404886,66576404886.png
66609736429,66609736429.png
66643067972,66643067972.png
66676399515,66676399515.png
66709731058,66709731058.png
66743062601,66743062601.png
66776394145,66776394145.png
66809725688,66809725688.png
66843057231,66843057231.png
66876388774,66876388774.png
66909720317,66909720317.png
66943051860,66943051860.png
66976383403,66976383403.png
67009714947,67009714947.png
67043046490,67043046490.png
67076378033,67076378033.png
67109709576,67109709576.png
67143041119,67143041119.png
67176372662,67176372662.png
67209704205,67209704205.png
67243035749,67243035749.png
67276367292,67276367292.png
67309698835,67309698835.png
67343030378,67343030378.png
67376361921,67376361921.png
67409693464,67409693464.png
67443025007,67443025007.png
67476356551,67476356551.png
67509688094,67509688094.png
67543019637,67543019637.png
67576351180,67576351180.png
67609682723,67609682723.png
67643014266,67643014266.png
67676345809,67676345809.png
67709677353,67709677353.png
67743008896,67743008896.png
67776340439,67776340439.png
67809671982,67809671982.png
67843003525,67843003525.png
67876335068,67876335068.png
67909666611,67909666611.png
67942998155,67942998155.png
67976329698,67976329698.png
68009661241,68009661241.png
68042992784,68042992784.png
68076324327,68076324327.png
68109655870,68109655870.png
68142987413,68142987413.png
68176318957,68176318957.png
68209650500,68209650500.png
68242982043,68242982043.png
68276313586,68276313586.png
68309645129,68309645129.png
68342976672,68342976672.png
68376308215,68376308215.png
68409639759,68409639759.png
68442971302,68442971302.png
68476302845,68476302845.png
68509634388,68509634388.png
68542965931,68542965931.png
68576297474,68576297474.png
68609629017,68609629017.png
68642960561,68642960561.png
68676292104,68676292104.png
68709623647,68709623647.png
68742955190,68742955190.png
68776286733,68776286733.png
68809618276,68809618276.png
68842949819,68842949819.png
68876281363,68876281363.png
68909612906,68909612906.png
68942944449,68942944449.png
68976275992,68976275992.png
69009607535,69009607535.png
69042939078,69042939078.png
69076270621,69076270621.png
69109602165,69109602165.png
69142933708,69142933708.png
69176265251,69176265251.png
69209596794,69209596794.png
69242928337,69242928337.png
69276259880,69276259880.png
69309591423,69309591423.png
69342922967,69342922967.png
69376254510,69376254510.png
69409586053,69409586053.png
69442917596,69442917596.png
69476249139,69476249139.png
69509580682,69509580682.png
69542912225,69542912225.png
69576243769,69576243769.png
69609575312,69609575312.png
69642906855,69642906855.png
69676238398,69676238398.png
69709569941,69709569941.png
69742901484,69742901484.png
69776233027,69776233027.png
69809564571,69809564571.png
69842896114,69842896114.png
69876227657,69876227657.png
69909559200,69909559200.png
69942890743,69942890743.png
69976222286,69976222286.png
70009553829,70009553829.png
70042885373,70042885373.png
70076216916,70076216916.png
70109548459,70109548459.png
70142880002,70142880002.png
70176211545,70176211545.png
70209543088,70209543088.png
70242874631,70242874631.png
70276206175,70276206175.png
70309537718,70309537718.png
70342869261,70342869261.png
70376200804,70376200804.png
70409532347,70409532347.png
70442863890,70442863890.png
70476195433,70476195433.png
70509526977,70509526977.png
70542858520,70542858520.png
70576190063,70576190063.png
70609521606,70609521606.png
70642853149,70642853149.png
70676184692,70676184692.png
70709516235,70709516235.png
70742847779,70742847779.png
70776179322,70776179322.png
70809510865,70809510865.png
70842842408,70842842408.png
70876173951,70876173951.png
70909505494,70909505494.png
70942837037,70942837037.png
70976168581,70976168581.png
71009500124,71009500124.png
71042831667,71042831667.png
71076163210,71076163210.png
71109494753,71109494753.png
71142826296,71142826296.png
71176157839,71176157839.png
71209489383,71209489383.png
71242820926,71242820926.png
71276152469,71276152469.png
71309484012,71309484012.png
71342815555,71342815555.png
71376147098,71376147098.png
71409478641,71409478641.png
71442810185,71442810185.png
71476141728,71476141728.png
71509473271,71509473271.png
71542804814,71542804814.png
71576136357,71576136357.png
71609467900,71609467900.png
71642799443,71642799443.png
71676130987,71676130987.png
71709462530,71709462530.png
71742794073,71742794073.png
71776125616,71776125616.png
71809457159,71809457159.png
71842788702,71842788702.png
71876120245,71876120245.png
71909451789,71909451789.png
71942783332,71942783332.png
71976114875,71976114875.png
72009446418,72009446418.png
72042777961,72042777961.png
72076109504,72076109504.png
72109441047,72109441047.png
72142772591,72142772591.png
72176104134,72176104134.png
72209435677,72209435677.png
72242767220,72242767220.png
72276098763,72276098763.png
72309430306,72309430306.png
72342761849,72342761849.png
72376093393,72376093393.png
72409424936,72409424936.png
72442756479,72442756479.png
72476088022,72476088022.png
72509419565,72509419565.png
72542751108,72542751108.png
72576082651,72576082651.png
72609414195,72609414195.png
72642745738,72642745738.png
72676077281,72676077281.png
72709408824,72709408824.png
72742740367,72742740367.png
72776071910,72776071910.png
72809403453,72809403453.png
72842734997,72842734997.png
72876066540,72876066540.png
72909398083,72909398083.png
72942729626,72942729626.png
72976061169,72976061169.png
73009392712,73009392712.png
73042724255,73042724255.png
73076055799,73076055799.png
73109387342,73109387342.png
73142718885,73142718885.png
73176050428,73176050428.png
73209381971,73209381971.png
73242713514,73242713514.png
73276045058,73276045058.png
73309376601,73309376601.png
73342708144,73342708144.png
73376039687,73376039687.png
73409371230,73409371230.png
73442702773,73442702773.png
73476034316,73476034316.png
73509365860,73509365860.png
73542697403,73542697403.png
73576028946,73576028946.png
73609360489,73609360489.png
73642692032,73642692032.png
73676023575,73676023575.png
73709355118,73709355118.png
73742686662,73742686662.png
73776018205,73776018205.png
73809349748,73809349748.png
73842681291,73842681291.png
73876012834,73876012834.png
73909344377,73909344377.png
73942675920,73942675920.png
73976007464,73976007464.png
74009339007,74009339007.png
74042670550,74042670550.png
74076002093,74076002093.png
74109333636,74109333636.png
74142665179,74142665179.png
74175996722,74175996722.png
74209328266,74209328266.png
74242659809,74242659809.png
74275991352,74275991352.png
74309322895,74309322895.png
74342654438,74342654438.png
74375985981,74375985981.png
74409317524,74409317524.png
74442649068,74442649068.png
74475980611,74475980611.png
74509312154,74509312154.png
74542643697,74542643697.png
74575975240,74575975240.png
74609306783,74609306783.png
74642638326,74642638326.png
74675969870,74675969870.png
74709301413,74709301413.png
74742632956,74742632956.png
74775964499,74775964499.png
74809296042,74809296042.png
74842627585,74842627585.png
74875959128,74875959128.png
74909290672,74909290672.png
74942622215,74942622215.png
74975953758,74975953758.png
75009285301,75009285301.png
75042616844,75042616844.png
75075948387,75075948387.png
75109279930,75109279930.png
75142611474,75142611474.png
75175943017,75175943017.png
75209274560,75209274560.png
75242606103,75242606103.png
75275937646,75275937646.png
75309269189,75309269189.png
75342600732,75342600732.png
75375932276,75375932276.png
75409263819,75409263819.png
75442595362,75442595362.png
75475926905,75475926905.png
75509258448,75509258448.png
75542589991,75542589991.png
75575921534,75575921534.png
75609253078,75609253078.png
75642584621,75642584621.png
75675916164,75675916164.png
75709247707,75709247707.png
75742579250,75742579250.png
75775910793,75775910793.png
75809242336,75809242336.png
75842573880,75842573880.png
75875905423,75875905423.png
75909236966,75909236966.png
75942568509,75942568509.png
75975900052,75975900052.png
76009231595,76009231595.png
76042563138,76042563138.png
76075894682,76075894682.png
76109226225,76109226225.png
76142557768,76142557768.png
76175889311,76175889311.png
76209220854,76209220854.png
76242552397,76242552397.png
76275883940,76275883940.png
76309215484,76309215484.png
76342547027,76342547027.png
76375878570,76375878570.png
76409210113,76409210113.png
76442541656,76442541656.png
76475873199,76475873199.png
76509204742,76509204742.png
76542536286,76542536286.png
76575867829,76575867829.png
76609199372,76609199372.png
76642530915,76642530915.png
76675862458,76675862458.png
76709194001,76709194001.png
76742525544,76742525544.png
76775857088,76775857088.png
76809188631,76809188631.png
76842520174,76842520174.png
76875851717,76875851717.png
76909183260,76909183260.png
76942514803,76942514803.png
76975846346,76975846346.png
77009177890,77009177890.png
77042509433,77042509433.png
77075840976,77075840976.png
77109172519,77109172519.png
77142504062,77142504062.png
77175835605,77175835605.png
77209167148,77209167148.png
77242498692,77242498692.png
77275830235,77275830235.png
77309161778,77309161778.png
77342493321,77342493321.png
77375824864,77375824864.png
77409156407,77409156407.png
77442487950,77442487950.png
77475819494,77475819494.png
77509151037,77509151037.png
77542482580,77542482580.png
77575814123,77575814123.png
